test_id,result
AUVZcGh9YXLE,l8iJHdBaQ2wL
GFBXcvOJjobf,kC9Wgo7rc8mi
ylWtBEFvLczx,29ux5lYBPHyr
z3H4CrAsZNVh,j6AFVto3cDqH
W4AYIiNJ7Xmc,mAaGxV1J9yHC
tnqNvQIAJOp6,tNdokD2YmVI9
vXRLHeFdIKgE,LeZ6Hnj7h1JC
QZFKcCRGtl8M,null
5zvWqtCxcYV1,null
m8baJCIyvFcw,CM6DOgUlHT5h
c9KMfW20BqjC,t6TJaokAxer1
8Z73MvVqQsJ9,null
KdzO4qTMSxbe,null
WDtXQaqnwPSg,I0pViw3OfvUR
k0PFcUBKGQld,null
jZHfpaR0ytl2,0m3WKLUqzoEa
Tqsy9x4QlgA2,buUgLBFTV715
nvIzS2cNETRm,QoV4GkiP1m6u
U8oHpcuOVkXa,null
eOkbfvPJzLB4,null
EKazp8w2fZdI,KUAvjCOcW8Di
iMCGKvIVobQS,niCXjfsD7cPe
aF96IKz43pqt,hsbDycGMe06d
8hBjZ5VTncg2,null
xua1dFje7lYr,Z7WdiMkXU4V6
8xPzaKWilFhf,L2tg8RcnCSGK
uzXwijqYlgWo,null
zQBmqNJtIXZS,null
6SHemvch4T2B,9kCAJFYI1hbR
TkfvMXHPN98O,x6NHip9Ewda4
DCbL0AVoeNxr,null
axnq1FbDCvRM,7xIpak6EcAW8
d1U0v2sgI3u7,VtRcXd9lvPAH
u6DdtMUhKjbF,29eziC1UYpLH
sLS0CE5zvR6x,null
3A1G2wxcmBSj,qV47DdhQS8ak
oQ0IGeRcW6Sh,EdtZaAbDcWTN
WAKDBc7hMUIo,Hc8TOgEL230n
8v7aZK4TNoEt,7YBWQJIPmAgr
EMOTWP8J0fpd,null
SlvRsnNP2gcT,OJWdgxqAi3Dw
bOwLB7mFdMkE,TYojOgd6R9Jw
QvlOmhxB8Ctq,null
xILKVFt8mOew,h1AouGcqW2CV
5q3uZSXOphdB,mcvdh5TbzwLf
qajmMJ2EhNe6,X4Ix3rCafG1y
XRvCgTsaBeQc,Sn46UEOb5lky
HT7xdkyFZcg9,null
Ieqdc0rLxUp3,null
v4wR72LpQaiO,gy8rVWIYTsZi
V8pzALyDmRQu,GdcgkyNI1WbE
3z5OaRn2vjBq,JeuZYDSGCg4U
n5eSDTIBJ6E3,null
b0mOYpClq7LB,ar4iWZq5ho9n
uJokSOrsAqiN,null
G3Y2u8LqaJBh,1lMBiAfnGVqI
xVr7izgUR6YN,Jxi8bT3wB6V0
BdDNf5z3ueGx,null
TI74cuo2fsVL,null
kAxGsgVaPYM8,tGCsfpB8a4HR
3XbzLrkUwfnQ,null
NAm765cF3CfR,Rx5EWziuCnob
0e7ZEPYIsU5h,FRBxbESIcm40
Z9hJ1PcpI6Fi,kdes8FjyxZQ6
SuMH6ZDYpavX,dc2XlkVajJDE
DWQzSnerwopY,JNSXiIQwVlZg
ixsnG8St6LH1,ELafnjZVywQo
TfyqhudRAcZI,9tyJ0uHnVWal
NnKxZVziusWX,zEkKn24rI1gG
yz9cXUgDoSqi,null
8A7Tp0qdKxn2,7duVwvfEti8s
eV1PM5iqZw8n,LaqYJkiSU7ze
t0sPNrDRnj7Q,B5rYWKiHqFLU
9mJB4WD0R8IM,cX7EaHBdCIyz
cKJbQ5Mvs6xm,XJuxzDTSHNYQ
o1PXKf0du8k6,CeWFQO1ikJxG
1eED2NVWHY93,Q9nLByZ8E6iI
NVHkFj04C58P,IPCQ6423JHdg
01lvZP6hnyq3,6iRvFlkpn1Qq
hWgq1VNJY6jp,null
2eAMJcT6lVSL,v6BST1mOkPIQ
oaJWw8R14C5q,VvQr9FU27M3S
QM5dHhB6p8u3,HzatyerOR8Lc
n5LTN7SF1WXt,null
KQmjvUlE5YOJ,i1zmYqGuQ6D5
vztuW8L19Ig7,null
PidX6aMqgpYZ,CM80cbZRIWGV
QHTu08XNLgAn,PJZU84qc1WO7
NfZgeYOIRv8j,null
7Mhc0oxYNv6e,Nv3MSBWCq5ob
rdHgaPtzTpLv,v2FOmbljCi0H
gI7xzyH2lnAU,null
qOnuzJSWTrZQ,IZtq8csMnTDR
PIdlT5gvR8Bo,glkqs3ImRzOP
XWzjLm0PMfH3,null
mNzoZdU5GBfw,eGb1Ly5TSqt9
KlIgJv17hTEA,null
TwJ8Nv40kyzH,null
1ohCE4vR5LTS,AnCrShfwgbZG
NLU8HpuQ5Tqx,null
Y6z2xIyiterh,null
wvEVfRABbDlC,vxPQcWGspgwK
fKl8JPgVGTAq,9thHbkJNea62
1APFIhE0OraS,pFbfUVYxg798
hIouwlrsHCR1,null
kyMaYLSU9HJe,null
FidBC3NtI5fP,null
mwlfPy1aK30G,pNMxvT0kdFo4
FgwSDETyfnBU,buWHwUJOiskZ
4mI0KpAEGikC,lP07s8RiJz3T
N74pHo1aVMbB,sIuRwqehFYr3
9m7D2tZ8n6l3,null
07rUNf1h2RkJ,BnCySJ7ERPrX
j5alQLEUO0k3,null
PrM5RVluSJh2,HJQC8WNeorvs
TwnOdI2ygimN,iHhKoUaMxRA0
uSDAXVev7nUY,MTYe4C5qIzXl
qmoW0xdODpk3,HMnyoBr8F6bl
jrDotB4enkON,TzdcoI2flqGQ
8DUkwBA4QGof,PHixLsQfTdXD
i1DQZBhar0lk,3XJSrxInypjd
W7sFUwYE1A8z,PjqdeZ6S89Wa
O9ZI0fuc6GTk,null
R7ce86lAMBhg,UZSW6GwYkpPt
wN9OfrzoY5At,null
rud8ixNlkTmf,sDaTbo0ViPLt
RPM7hZ0pK5UB,evuX3hRqfNIw
StcexNC3UMHV,null
nGB2bfExJuq9,jKrHU6XyWeEa
K1Awa2zHkWdD,ErmSKuJHaX7F
mXgD1uWLzRMv,veD20obwNgf5
7ZuKAj8YC0xB,W1I0vaDyLM4e
MAjLlcFfaUsH,QE953vGT0k8R
iMTIekKsdU6j,null
eC1Og7loa4f8,RjbQSJzMn8ra
vi2Qx3j6k459,null
XsbtGVLrPATm,null
2Qne0ofakY8R,NetIzp8GdrO3
Y51OWVwcn0pu,nJpx1dLYCF9q
oeWaEvzLBS6J,3tKvUJwOgafR
dBl9UtID5yiu,dRY1Ge4W2LyJ
pOh0ZjGbNurM,YjuWogNHKa3f
xEJ1fqUsCmpG,krd7J4D68iwW
b6DS7Zfthu9d,7WPvseMBgnbx
jxDNRViPaE23,null
3O5Zzvjm6lgn,jhcZ7Qu6N20M
Lof9UxMBRThD,PevJHqIBrEhW
URcGrloHh0zQ,null
JRr35hTq2Vgc,P1OcqGSakYNp
FS7yG26EH3cx,pYC3GrzKUSN7
b5RHtyov2SLA,x52ya0s7LAnd
RWPx718tnIQY,iUwKH5S9kVje
0CzdQGsSh6n1,eijrx6fsyLWF
vjLqcZYV9Uwx,null
w59Q16lAuOIH,null
fA29Xz4QH0rU,D9MSjeKxytLJ
oJd8K3sXjAcz,t1WquDkTBcgG
lp6QjygSCXbE,lmX1MAuQOI6Z
NukKwZ1fgIYa,vu32QfmBWnC7
qyaKJeFgRdZc,fqhvCwDZG94K
pJrftu543IDl,5AO2KCS1v9qN
XTQZgmwuEO8I,m9HtBkplrFNI
f9MwECjp2TnW,ZjICBcTdPUeg
9ZU5dJ4uxas1,6HjOlIDPMLor
zbL73MRmeA1G,vTHiftrGsSob
TsJXjZKWk5u7,null
FO3nvX9x6lPp,null
N6jL4U1ZpqKY,Im9ZfEA1XwMo
whFyYUk4co5l,null
xzsJ9f5tN4vS,null
yhFLr0SBN9U1,TXr5IhpwJgtB
mh2Llug8PpfY,null
ZF3NJEQuVeXL,byIpU3mzJAE2
lq13LKOktPgh,LxVQstcOjfu2
8GLxJ6UaNRlb,null
XLbH103e8omG,cdmBxWJQzyYp
CMBQ1fjrATvU,iUM9SO3VhIYB
3fQzEKWJLdiM,IaXx7CP9Uhcm
s9TNHuhmqUL3,null
Q9rbDkUsJuE7,olXrEg7aSGdV
qCMD3yFpPONb,520sS7yZINrf
0JH5G7LTzkt4,gP2YL4bC6koJ
xTSMr3evFmEt,null
GWpwDkEKZzV6,null
zdXk2E5sCjRt,null
6rLHOlvWusit,3dJvj7YVIhr5
0aHQmYnOhqLI,HDE9Qd4OUx1q
wKuTi70noaht,YSQZx0LhNewl
Van6GUbl2gkQ,8tHpsnVTqcvF
6ZFmnSlAYie3,6nxtVKeX9f1z
ErQp5c7tvYWM,KViboPAfF6nW
ihIxO8D4NGZQ,qUyVolT1bSvD
qM4QwhKaxPye,Ca0WdotKrSyl
qaewWAJOE7sN,jmBtcgE64ZeL
IrcahHXP3xOJ,w56NM1sdO4ph
3kj2HBRJVbzE,4EhUlXgjP3vF
zgJyYotN8dD6,null
qV9816Ca0vLS,2aAVSdvRsG3f
QenYd5k7zXWy,8AR1zHhmEegi
XVepxWD2nBYS,8w17VC3r5Ims
atjGsXrvQWow,7rPe5LoQEMWG
0Sh3OzKodTwu,3sBHf6zadohk
qbeJRWgFtHOQ,qLUndfDvYAWp
bjfO3ULR2YZv,ArgNafWpuXsF
EyoRflAjTqP9,null
qazZjQf3ylue,null
WAbFUZj4v9id,7LjhbM65KGxP
LvG8nZwotfEW,V2IAuO1Pw0HQ
Nn6jRXIY3Dgv,v0BbLMZCHYDu
MQ5rPDSHoCne,whWV8XrBmxH9
CWc8S6qIY7fP,0TpzeNl8FxRk
HLKct5ZxG8yz,null
4jslfnZRe3Ga,gX0smdPiKcOq
nC6XIcqOvJ0N,9RALT8CmlKkQ
MnzepZCNiqKO,null
VC7Mqadfzk8b,WvUtRgFO3DqX
Uo9Yu8HmNRfl,1QvrR8gxyhGs
LnS4AsfopdRh,o6SnqcwM9aRs
sGyUhlqFfEZO,ZrjBM2RAg6pU
BfYNxwXdnOH1,null
5v64dX3eWKsS,null
iBACF2zkHW4P,EbgfewD1XGnc
U4eJHPxQD2jB,fhlmz8WuZUb5
MuaZzn7UHGf8,DUgQO4jAYSeL
m10Tqud4VaAO,vJKcISXgR0il
el9QDunEUHP8,wBznerTlkJbM
vdnlGheHARiI,null
KTDCWUhgGvsL,ywE59e8RpzBo
JyBSK6jePYAG,KhBFn6M1bemg
pJUdWn1FjVfI,07hDEz5obtZ3
wC1KTkXhvIYU,JMCRcoreyqLS
vlBGnAFfPHCt,AghpkiyTHqsR
nAJoWwt8F0mI,gSAK4pUqoQIF
M5A1NFvrKs3Q,mSdPZNoCkAVq
3r8scJiYIHfy,2fwDrKVNJj30
o59aWN7v6knK,fW31RHdFuAb4
gIzseBlS5109,null
lyYntxU8qSXj,lzRGUT6Qjy5Z
nEDWL5FfjsS2,LcG5XoWaqims
s384eVczUlOt,AI6jDHqJuP35
jQf9eNbdwkWr,null
dswMu3R8zZPG,null
2NCcdf0gpFjw,null
GNwdHtIunxA1,nZTN0wFdsQlo
koTWdvHxOXMD,jWOebwgU4LZ5
3vTLOI0hkxfV,null
yF4OLaJkHXv8,iTRvlHdEAwLP
P7XT9m2rZuD4,hbCHEjX1OuBQ
DsLZRaK8WUPl,null
m2QgxLwSXBPT,Rhn1d75VyDoC
JdmgjfUhlX2W,zshXjaLEIxt2
vJMCPAH4YaU3,null
1aYQMdoP0bHR,E9sedhAPS8Bp
3OTMWgNPzbyr,ALQW6oadbcfU
phRBTJwINO4A,null
aicly056gLeh,null
D8nkVwLlb1Oe,null
Ib7ykz4MYPqH,AuiwJVbkZMnh
R1txrMPVui9m,hn2RaYvcuCXT
atG4RBNqIeoX,l28J07DwCLMG
J4YZG0HqnOED,Tp5BUkw9eysi
djW9MyF81TmZ,BZpuC6jIRQ25
nzNjftrcAhxO,ebjCqLrcn2uz
O8TevxBZhiWk,CiYy9oM24c0J
Xr2vqRjxZu9G,EpAGV1tuedKl
4SDcipXKH6am,X38izSZAKRy9
vwFeA8E0i5J6,7CA8fs5IoQlV
mZROPfopAYe0,8ZxTcrGQpYno
HyXjIWkBgGJn,7R8ECUSOTpzh
og0hkH1qKasv,9DM6k0eKlWSE
RbQPSTg7pLld,s68zMuVmNawv
e2d5BoOE0rwy,Hp1PO0xYjFrm
Le87Vpdsy5kb,QGYL9OVWAu5M
iAWuBzQ1sv2q,null
nwcfxMFT0OeE,Fay012tTdq8E
xkfgZKE0is5Q,CeMynQZoSaYf
z49K7swOhd61,null
Q4xdZ6foyHjn,null
qXAo86WF2wci,NZaSfRlFz4Jk
oCOce1HKb6wp,VDzLOdrQhsSY
ziOyR78Y3CAW,l4pQqnBvOVfL
UnEKOBMhTr8w,null
rmbKDJgBtTfn,null
KkP0SXj46iGM,nZ8RMVreTkbm
YnJ80AzDtMpi,VIseKY4MzNrc
ubhdA2lBswZ9,null
dQxvN6GnO3Jj,null
nxk6aghtSiM5,null
yjNkndYxRQTo,null
oX1piuJcOKxY,KW1MPZEb36gV
HqjTZycfXO1g,dY13GVbITxDu
30JlUiRtqheH,cjpWfRLaxZMD
hTqznxBKjP0g,kVh64liRSrOn
0XNPg237QJwv,null
J3siEhnw7ecd,null
QhafPYCUSxAX,Xt8lvLBJyS3A
tEFngMI4fDLy,null
SCGoL4ciKfVN,kA2rQhvZI0MX
BQhUg8JEGjIt,null
8Zjoybf5mtkr,eoJgf4wa7Ynm
9ukNdUPH17Tx,aqGhYSeF7Ek5
gJvFcO37DsY8,g1NqFH9thAmy
iyAzT0OIVx6g,null
NAvoyfacITg5,FnXUuytmDQgK
WT1QDgFpIbay,null
LCZrQbwPRJ9u,tA9jisnkvhm4
ujxTls4qKAtM,3j67dB8J2XY1
L70X2NAEHIvP,d5jXewq1frDx
iTK2bgeDGEMC,null
pqYAsmc4kF3Z,5LDYXQZk3inw
ANFWpb4KaOQZ,null
H3dZaWv1qmbI,HAX30Vg7JZiE
OWJFCKIMQvU2,xQU2FnsrIYZa
OHoRmprktqL3,sHfJ2gN58Clp
iSCV7XIgRmld,E5HdYt2N8gGJ
MCvfepsX3Krq,A8gj2abSlpL9
L4GREJuw5kfn,LN2STXhpPyln
1Qat4MDyVlx6,poKzVXjwfDBG
etcQyRuJ4dnT,null
PQIqHu1U2ysj,zHYSQRf0kJiZ
1oDtGbg0vQnB,null
QwA5MEbvXolI,null
xQSjq4IWY7Ee,null
jnWFebd0tZAS,hHCT9UXWNpqx
XKLfwzIDC1la,7HFtBLr5s4hq
YnqvhfugCSw3,Az2KiCwDabgq
TCYZk0A49rQJ,idspWlGtu5O9
JRPoE61rN8vb,KlQSPRXkdqos
UjiFv8GwIpCl,Yt2JbBI3vxHd
LRoZbBnrJXsp,uGFt5QMhAy90
u8nYXofFcRGy,AnN5SQd64bq3
h0naTb9qgES8,null
pmcu4dyURJn5,null
dU4p1OG65mMN,bJnOUyQPVjoe
MDPbHJuf3lCg,2c1nj7G0keRr
NnSi6Q0sA5rF,16iPmC8HLSMD
Ji7dAEWlgOna,E1JNmfRLMVun
bjV8WENBcUo2,0Z81tUbp2kQK
6bfDLTBvaKhE,null
YPs5jhmFCoLO,X39c1bErGtTD
VdeuGfWOURys,null
7QtN4xRnTPuc,WdOnNuCR9vt4
lKRndfcMBTjq,mXlC6gS0BMDN
4M3ylk9CNOqx,M7I4R8mPqHs5
foBkLy1uqhGA,MAv7WhKkdyXH
6rEk4AOtK5Zl,seJA7RMZiDcE
KlqpOaRPkrbI,VTeLKwXntrJu
0otZVGRgu6hM,4PUxOwAWVrQR
M6uDiZj9pLls,eLwky0FqO7dM
niRICO6NoMTA,null
GWNzI4SKxZME,IwYqbf4QDVUN
ST6wumWkRgvp,QF35kjwTXeIM
74PnTmIirxvp,null
QP1Ont2MuXHC,null
7BnCYiUGFgsb,Aj3vSgyJPxIN
zXZGWkRI9ogi,null
UzhsSHtd80fj,null
gAQdGSzYECnc,null
nlkhsQZH7i25,null
QjR9lfwANgq7,cKrjAIfu6z8l
AQobPxq5y6vZ,XYkaCy3cKgxH
SjavzRZEoAdy,WhAFGEanl0MK
VpK9hoGiIHwA,null
PgYH5iGJdKs4,W1diBu7IAlZM
Yk7FIwfSzRv4,5SroPAb30WZn
EcSYRCOwXapb,null
rNWYpnCyKzZA,c8hRaCIAKewX
xvzSkHZw6TjX,oR0DT8bn5crw
BpdlDcKHwa9O,dVzapJxNUsMi
U9TyW1Eksp7i,null
FZ2nRNd7mxOJ,null
axokNREKfujI,null
ON3kmXMUzYSh,null
XW6g2L7ukUmv,koBle31U4J65
UduX5e0wzNBT,null
4csJeHX6AkZC,eRcuNkdWBg3w
yr7Xo2fZY081,QHb7mXDGEgzY
1uY9mVTy0jpB,75cPvK32fRDS
TAN0DvwsPHx5,mO5XANsI8pC0
6UgjEOSFmCV1,5uywOt4hR2Yj
vga7ErHPQkVY,BVT1A73hXgxj
RpK1xtLAdoYj,a5YBPHuS1Xlo
ASEI48eNK9Uu,QP1oOz4vXhDT
3OsGHKD2Ph4L,null
NGWhJs9gv7lX,5pi8rGw4Qaod
RtriAPqnmOHU,null
cZUneAIS5VLD,null
BJ7sV9t0QmjI,AoDjib1Zta9g
y7KMJAju8egw,u6LEhsPrO8X9
BQlUjRpmkI1O,null
lOY8N9HfMteW,null
DuINo9rTQJqX,dr7A5PBOnoHf
Ueu5CSIN17Xn,3qKhrdAxeg7D
JQsjoSZlbAf2,PDCvu63BgEr4
oRwFP3MCYnyJ,KUJGbkSatEWo
yWqlNCU0FuLK,38Fbo2BzSChT
twSj1kYaUR9P,J4VN6C3ouf0b
08vw5pTbFgjV,fZSb2u73QXW5
NkvULbJsr7Qm,qNl7Kypg5cjF
dX62kRyLNrvH,null
2XKPHpygaOjh,Lj2tRHayvPDi
qizyPIA13fTx,937joPpyaQ4D
CNqUPZijy2nJ,UId7Qm5BhTv4
TSmdV3q2yFIu,9RALT8CmlKkQ
rigqwXZ1O5Tj,R8UZ0vik31w4
YJmSMq9dLg3T,jyZvHKNR1kMz
ZLkcjH9IzKA5,gRIX8VYG0vtb
4Zl0PM6p9E2L,null
fIpKcCXWPise,null
8hMipEy9CsVP,KRAfecQDG6IC
bad0qVIMsowQ,null
dVAPmYRE1UL4,aJjNrRQExBMA
tVCPE2gkfdO6,Lr7OyHEPSikI
eNwEIvbQlzht,6kAEy8W0J4mZ
85reUsw4WjY0,roldI1DBAChG
H7NbmfSiJo2g,1kKwrHaMVRQt
T5ZfhwtdmU8k,ZNDJFECM7wdU
rJRblDkGaqXH,ifOVsTpmDM1c
weZQCsyHzN16,null
W3om6MdVjZ2b,g27ZFBHJTz6E
6UM14mzARjLi,null
mJQsFAWlkvI3,G9sYJhwijdy3
6i5kL4mKRIoB,2YmusX0MGpWN
ikSIjz7BbtuP,AaELNtbP7JKh
pS6gnsofMFGH,null
i4SGvuYZ3xn6,eKgvnXG2MLjZ
IWtnabXAZK3m,YAgSMZsKFGP4
0XaLjhe7OtCk,MhSmNiVxynDf
hQMinFS1jCVN,Ctux7JMzeTBm
dKeiS93QDvGx,hCzOmWSHI03n
MeikYGou7xqJ,X7c06JLUsDd8
FPX8ifwSys6D,null
iE7v1B9IA8qt,49gcxwpO7WmA
lKUQs07ucBXD,THJ3ld6IMXxK
rf7mLiv0kEnq,9FgDct8mMniT
xLiwN46ngTuF,lkpctPXn2Cu1
gI3tFxUodiOs,sp6P3nFQMYxG
Kpjf1ARQBJDe,null
n8s1jaPRBWYZ,HhJQZAqcywDv
eCBPLESdH4oK,TjaEWDyuOYlx
aR9tVoNlvmx3,rMR9QpS016i8
jS5QEVfXn3Uy,ZhKkoecRxsMi
YOTDHR9Ld7FC,W1BObGKVAsEu
r6zVET8NIvhc,null
qoIeWxHv1iP3,f5b7nmxgcyEI
nwlCHB7ufMGq,Q68mCLMeN2B0
gMZQyIvf2Y9j,null
AceYpmykGFhq,nlPtSsQxhr4o
1ixRTGy3NdZs,OlpAZUv6Lt3F
cJbEdjomU8Cl,MWfLJXj6brZe
r6ol98EY2Bb4,zEKZ2NAysrl7
12VhBoHsGmK8,hvxjNBCauDIp
D9HZ3Erz5Gb6,QnWNmZt54gFr
s0SIDunLthW5,TSjsHQ0l6M1V
W68PqCmRzILl,Q4BVYgmGwvkp
K24uOdq3Bznx,null
YE6nraABJcIV,cIYR3WNeL2BA
HkRWMC0PB2FE,9wl8aF5ILOMX
iwODuYUkSVq5,S7EMPajHmGiX
sKRNZrDlH9QT,null
Ua7GZBxTCEcq,null
A27sRLuEgzkO,null
0S6iToxZbVf7,6Q0SHvXWU8IJ
h0MvZwd1Objg,ViXlEAosZ5rR
TF1VWIh7ilLQ,EinucvmTabHB
jNQhYdMByJn7,7wLPp4Y1jqeT
CNdAo3KIsXYa,YuHqGcxZJESn
Ui9YI8X6aqAN,null
YOWUQHnFaAZ3,IyD7nhuXSoxP
Vq9bDK5gS1w4,Gx59hpbkqoFM
W81I9qJcXYAS,BLsVN8GIjako
4ILYBQtRiqSf,YaRPbUQiSXVF
gkUNqeRahKil,null
vcVIya1gmTYt,null
kY74nyK5cVts,No285ax1SYgC
QT6gSzYFicfR,null
fudhFrRL3Eqs,QMtgwU94iG5I
ukosJayjYnTh,null
QDdiOLFTMf6h,bi8JdslATF3r
hlpaEUjCG0uL,ipg1nNSlCdW9
3ZBtwML629d1,gMoXALjVF1D7
TrjZgE7aNh3q,2N3qsFtJEamV
XW8DyGrdlo90,AjvDNYKdax6I
Ji5OLd98jAMN,null
cxWeURGihZzy,null
xM3LZfCe0Byu,7DVZSzfwLFry
bhZzOYWe4tHy,null
7TdFpWjBAY6g,null
HMf4UORBtKdN,null
Ni9t2TgbELJz,null
n1bmQGhH4rSR,Yx5hU4T6lDt8
zOkKBUNoFLMc,null
WvrjxKpdVFmo,7s1xfkVSL9OB
cjP3FAR5Ow9H,QpSeD70HhFum
VS0MZQWJnys2,I8B7jvaeh9C1
BqoNi7tv8w4u,null
9TiC2Iew1aZy,null
gS4VN8K7tWcw,null
Qetba2JrX5B8,null
bJxw6tvFI0Bl,d20GgJwl9Rvf
iCXIQqn4w0WG,null
GzQmvoMxBpE3,BEVNdmfeCJL6
A4LYaejdPZSt,qktKNhBTs7zH
Kkl2gXTacxmr,I9nSjtX82zRv
vUVlEz1GagKd,C6oylBvk13I4
jvyDaA3w1Idh,spxgJdBOYCIo
N6VJXPo8DOyC,gEDrlTawIneq
mFyuCf8Soql0,null
7FmXAWQ6zBMx,VwK2EcJL0dev
RGcbsunTjxe9,G7osHC1UPxtf
FYxuVd6BX05g,TG3Hci8CsrLW
QRk94MT8UJIl,h7vKyEWc4Jas
e6xpUMTGYd4F,ltPSZMsvYrXE
bUSWRfXHOjND,GlF6ynDVYvzq
Lfpv5oP6B41M,4aUBvtxrgyNd
Xi1C8vNeuQ9Z,1VJLgyksURh0
SieBq6ZMlR81,ZOPNCTeUIo12
m6YEtXrqxCly,null
VDRC9SostugY,UeSOKyDJWuvk
Ev9MLyUG0SfH,vtFhGYM7awpL
tSUH8ZnxzDe2,r73iZ6ejWcqv
bkQvJAGPyoC9,null
dk2oSAmJjBxi,null
pr3nBJig94uF,null
sG0kcXnYK4yh,6M1kE2Vsuzhq
C7pgfGMSVPtb,null
TyG9lkbFVJL4,null
E7v0emW5wzUJ,ZjLNTBmWf2uc
oPCmjrTSkXJ4,p2I5vxVQKMjT
DONfIRAsyTZH,heJSPAvHRrx3
pkC5Kd2YME9Q,null
xm7jU8h3FabB,1fW5sIXwnmbd
z1AGDuwLhPoi,mLOfFMNluUIZ
DBc8yGUQowx6,2oaZDr5VsRfC
y7xlr4JZaV2u,elBw5nQOYz0o
VhrBYNHtgT7F,mIwHtzJpU2Nc
rvt3qIM6BERF,io6GJcbuS5jE
fbNe1RI2rXLY,fygFvL1qs6d3
rYkJZLQo5nM1,SN0G6Y58WiAJ
kYlF1oOpyBTD,vbFUeH0qPSgM
PaoimR9H5VXU,Ld6vhDGUMcq1
GJVN6bqmy3jL,WcewQV0PSsb8
9BDqHGZPQjsf,null
bjoh7laigwQf,8IcipvdrMUxm
AT6HXvylCSBJ,qHj5PIizeFEQ
UsqVGXm9F6Ew,null
XbeB2MSwUskY,AyD9GpWqE41T
t9cJ1lEDZdNB,null
XxASpTRil2Mf,null
tRVgdiMIp1fA,Ahlg2CXMEDJL
Q76B2EMdHPm8,809OthFqLpi5
mDgdxsLn5K4e,v34hcTSZ2w79
f5CmNHxzWkuQ,nqZ1OeXWL96b
rScAphOM9RIF,jlZONphsuQzn
nKy5Qv1quLlx,VMocYZP846QJ
Fy0pSOnXgeYz,oiwIR6zltuOC
5qnC2uFUyL64,X40lbZJEHnzw
T7h0rvYLf4uI,wNyTuaKX47Ej
SIPrxXE1vD4T,OJprnI0wFybk
27uQy0EiTHgq,v0jGhtZX1Qgy
uKk8M07N4Rnp,null
lZkHgI6Euxah,null
UbNHQvc16PrY,m2fczWqlMNGg
rhcSKOpwWN5s,wQZ0kPCcYB7K
xrAWJq7QF6fE,04wPK39uV8aq
haQifxC4UAgt,rX0PByNQ9bTp
fIFxT6bdmOlt,oIGvCdEu8RmT
r2pf5BjJZvRo,VfjoCM4yzLEN
dUvVYk9Wt3mr,null
ZBploOybvL58,5c4FDL6O9t2p
wzSlaByZCQWb,null
JGB9f6aYciWg,oz7C2nkt1lHJ
j8wZNGd5QHBC,null
gTk4vWcOtsMI,0gtDlUM3nANk
2xghyJeP4Cat,EkjWJPBb6ny3
JF9I2n4sQq8H,null
GeiqOJ2zDmcA,Cp6niw8xmH0t
lvJW5NrIAR4k,ZIkN9SsOvgKc
Ajtb56h0HkMs,t4Y8QcoGINUb
A5egY9hCvR64,wCsqpdKUjNX6
jIQn6HGgftbk,nlX9LUsYbHoF
lYQnXWhyB5Ka,YtQHaN2WMBVU
0bTMWol27rZc,5OwSDWcmvKsA
Ynuo8OQWViX3,PmERodjWBLwH
J86wCrstILQH,null
XVGDzYU5yTcB,GyT5jcS2YsKp
ekpaYF2UTrH3,GfOYTiX6gqkx
iHPDCqLTmO7b,XfUzJv1iocp0
ur3qbQvPO1CT,null
2Nno4jQeYg1J,null
RbtwhB2maGrx,null
lYmnxkgH1C5a,W7H85psVtQPq
vCPahfNRmWDF,null
RtMDw4X9Pjoy,RoremLljb9as
iGyFbdesNZ1C,null
elGc6vS3HdyW,gVSGm4MKxtR7
2CSh9DEI1va5,C5ISUReg7Hno
dSPjFrUwXm0c,W1GcxOaLdnP8
FJgdU34jELHb,SbTzFUaYMcr2
EhMDOSY5BmAc,eiHkb5R8hNmp
riTDcSHq75em,HOB0rNRfAlcb
faHLJTXm7DZ9,tBPKMHAlXThO
W26THGKi9yo1,fzJAFPWGXEgd
XwBDHdcRIeaG,pn4FECMQ6JDf
6pMcySCDhOb5,1lJKmdMaUOSB
JA1025rKoZwd,bxUHQ5ZszMLT
gK0ok5ZPCDMs,zLltCDfVyvOJ
YfwQgvjIpJT0,RpJzF7QfPHgN
IaGf9ez3ULEn,null
0hV5bcX3y82p,yjZaO4sELgJu
V3Y2tE9WUopv,null
AkbXfgoUpuvn,6EY98IKuDWbc
TYP3OyzQ9Enj,ZYpXHENRgm0i
UGdVpRmqx61H,MmIH7txU9TFE
mLGOQVMdJno4,jrbAeUQPfomx
JXEoPYHtG893,0HuGXgkmWebU
08LXCdbvtGPj,null
9BAV6rf8dwMg,XWsxtLUkF1jG
BRx0laeHuNc6,4umRCxhNI7qZ
H8vyQ1M96NVk,5nB7GmHUJOl4
9RGZwh7fSo8m,q4i0AnV1d78C
VNDT1KRZuvqy,null
rbEnDJM9IchH,DUbvRxXsd1zB
5zGA2JD1RWjw,null
FB5Mg8Y4k6jp,DQx1yNOa8qS3
xh29SX6s3nAJ,null
47CusZXxjkwU,MySIfgzk2Tpl
6WH3cohZDEUG,khLY4nVNzR6J
spR2HIqDCd1j,null
CYSVID8cHeiJ,8t7IE9YVqzKw
ripYbsz4nXT9,k8OAMg16tro3
GaXBi06JuVUs,null
qTd6iMzJO72m,b6TuqH4UaRdS
49uricFO53Dq,D6rACvd4g5nK
AYfLPizSxtT3,null
ypBe2YLvnrNc,uE2NndR67WcA
0jvdy4KgUZMS,wOmaNJrMujnB
QLaPfhonEOk2,5EoGFrdNcpm0
hToUdIr4egAS,l1EZrDNgp9Ya
Vg9O5P0nwxi3,null
SmybsjC7EXQ3,DPWJ6kLlhg0z
E8x7yzwFnVRd,FOlnf5BMp34L
dra5Xp3ncxC8,null
ZE42AfPXwNgM,TkiX6SJbQ20K
OQ8uM7YslzCX,pLiqbzIkdcuo
dMg78loKFL9T,ySA6m7Mw4f9d
SxO2hoszwMKe,69KQVCRwNWxZ
if3jCAb1G87Y,4Wnl02H5ofmC
ViEZazJ8gxCr,JKiuqzM3GND1
u29vAeLTsKkY,MZ7GhBEtH8dr
pYnqTrxPoC43,null
Y6HqW0iUJG3L,null
CK12R0PzDNt5,I8j54kJfWhaU
wsKWlJG1rDNi,TtWDbdAUIGpr
Olvd0QEf61Ak,d3mLUgn15pwQ
gwXFbNMWP3K9,aTQ2z6iAt431
2vKlbMenxctP,zkjd6qCAJ0y2
NPE4yIlRq62K,cYsdqfGw1gDE
2dN4fBoXrhsy,pPeS3vIjiK58
AoqP1Y7StBjU,fdlnOVQra4NF
p5YW8OPqVFtC,sorL8uizleRh
PTpLHzy5BsWc,9cxJtzUCu7IL
xenr7PZqEOmL,null
BIXcO4Cna0D9,vt5sGQ1ED0NY
TWV3Qrj9Hm4q,vSmQtBEkzrTZ
wnqtmWb9Ta2X,null
IuZy8k7dHaOQ,xHktZpsLYC5A
NTxl6mrh8BzV,null
SiupE2TwCahf,9UWDGYH0XNQf
3i6FIZ7hKrYv,null
16PORqVvucKI,7GFg35skwxHh
gbNpI1x8rHsX,gPruNHKT9Osp
XCgdc0TKV6u7,n4IwNVoW0TYz
PqujbF6yHnlW,B2XKukMhsPcE
Rdu1seXl2xwU,null
V93nJhaOcvLu,oPBtx1GFs6h8
O0tqpezasVTP,QcniO4k6j0xa
R5IKlNniTUQY,TFs1bkPgzEd7
sCrZ4KRPYGWv,Uc5uIFClfh23
Ajkn04SKlHh8,zso7FcIwDlHM
gHrJXeIl3U1V,cTDpxEFh4VZG
eiKvNr1V5btE,NK2g6SVyGlxX
7ajwcTs963yv,F5lwR1edZ9Gn
diRn4sJhAXwl,cqQ5LJG6HiFE
X0HJb8rDTMjn,pgeKSD0ZOM93
RfYKihvJ03ST,4ZbgYjKvAdcn
zQcOIYp92sJm,null
qgh2nZamwoNr,JNxMmnibLW8z
0M5tLYZhSRH6,3cpqenHmWiED
TWSEsu5cYQ0h,NetFDMgikLpJ
5vlAWNsBLhOa,SxCBQo7uP3sG
If9UysG0oN6V,null
bq9YDt7EMaeV,h4xl2JNR7qjp
fadUworE4mnY,oQaI9xfNrAiE
MnVskhvgbCZD,PY6DsI8ESdZM
dNm1s7nHeD54,MBWUeQGDLdrq
3nzq8f6th92b,null
qHAbPFIuoJ04,1ybR9kSAeNIm
2nUWLFh7cJ8i,null
1DjRsxBa3ydq,hbEDLzAMOZ8m
snO3YoWvCkLZ,Fkp68dcAI7Ss
M1DVqcf38bSz,null
XC9pOcGtI8Tu,CdnhLT5OBpvc
gV9DaTnjX4i5,5uAbYFOwXP4Z
dH7Sv0lLC1kb,null
DpcA3TLPhEFQ,null
KhVR3QA8L5bY,null
DrQao6WC3FIV,6lyNw7HEmqTS
zm6eq41UL3It,W4MiVs6Bc2Ql
QdJr2IW1kiOp,null
p0zeScWkL6nE,9DyhWUIm1Pgx
MTHfFdy5aNU3,null
BAWCOsX1NS83,null
JKfpIt6VsB3b,qLJ5v9QgkoAe
ysKZ0j9QAhXe,null
gatLjA3MZnv6,MYziUQjrB9LT
7OPI23y5cuMw,null
WhOv7JIULcQB,null
THbqCiLOxVo4,null
XI2tqPT3pgYH,zlGLMcJ0YtZe
r3WOUyL4qXn7,2isTWdvOHgrf
4yALmgUe096v,Gd7k4j8EIfQS
r4HXOMn6AY3s,AaPipuSZwYV0
3TbYDU9uIXLW,dI7MP9mG8Sza
zBprGAJMg0Tj,null
PdOeXyjoa5zh,azsjKtDdpGfh
tlOiSE2LI5JU,ZXme6oRSb9gD
EZGBWLKoyV7n,tDmFw6BfYR08
PsDyHG3iXvla,uhLPta5niQF1
fKYG6u9vLArW,HRLCSOh9PZDa
z3ZvX2um9YOR,KQAnMSzGUgxv
n3upiT7d615I,5Xzvy7oinbVY
xgtsW10vzeQP,qG2k3KZQRxli
QnOs0vkgjVM1,Tca9ueUXCmOW
y51xDcEhrkPa,Qy8YMOvIrpm7
oujy0TbtU4OA,XfUzJv1iocp0
jI7JSz28roGe,VsvYcN4xl7th
JcpTPy5Mr9UX,null
pGzmjnN3YBCW,JXFpubUEgYns
CzupjkbYEnJf,tSOlq1HXW8kn
gaSZcb96I2zL,3vJWCXlyj9Kq
4perRknmAHvl,null
H7LNV2ktzIaf,null
H6QL9Vi5RlGa,d08uv3Yl2qIU
ZWDIYwkPl3GR,o42n6KJNhsw8
Ocs0JlgBE9T4,9tCbwSGcKgWU
mghCftDI7scB,MPNf4BoEpe1Y
FxU6uE5rDn10,3xbzBNuygKX0
Vi1cMXJxOZkz,null
1dkcRI24UoMn,gpeCiIbUWEch
SF0PX1xdDJ5C,l5XzFugTtL8k
2tSUCokx6RKi,null
V68IDfTOWqPb,OnEg4r13iV8I
IkAFf84qViCd,KeAk5NGjRl4H
yH5zMVcb6QRs,NWg5FkXrnZmh
eMxStOfvlCgH,null
VwKBNcfWpbeU,null
mn25d7bHA03V,o2s3wqLCQxWB
yKbslnx0iBZE,FkfEHGKMOjlQ
ev0dpyz9hx8b,null
wL4yUxQrSJYs,sZFQSzLiR9ya
h7RFNkfTHpi6,oC0x5Ge2PrfV
ngqF3zKcet8i,T8U9xo1X30q2
Quzj1qZLJ9af,nh1bcSmCrKyR
oOtgYE4ixafQ,null
OezX49YJrSjk,0WMOuHrAZXUL
lN4WXkDeghcS,RQK1w05DNAhS
dEHRlOh3Ywvq,null
HwtflATPrCS5,YeBzEuMRgVb1
OI0EN7hnJPM3,null
ZjhfeTAznWdv,DxMWP39aNZct
9M1k6hzFEcGf,9RL8FOj0yXKf
YFDHQ5dXsUBC,null
R52iLmgsnfUp,dWkBzMNXjeOU
BpRZUtkG7Xw4,mGoDTUQ6febi
JYOc9h65s4rb,fx3ld4FAzZX5
RTP2WXEBLZ95,XhgP70bldDVv
pTdz4wCHnZ6K,i78H1nEgrPq3
Q18DLbi7Gn04,9XwMBR678Vdj
0GZUjh51YwOl,2TH5prvl3co6
eaZMbrN5WmyI,null
LP4IREKYbk9t,null
5ecjtaimPVwz,null
QdNUHAvShMgX,null
FICQ6d0eW5sP,SMQ1LBW9xZC4
hrCOvIF65n8x,FKXUdCmuJt1S
sTLQF3x2KByI,null
CNWE4B0deDVZ,HlVhTpCX4jJm
ju2xgvbdXcE4,PWwHRVv75YUZ
S7AvTRUMFOND,HiTFa02wQGcj
w9nQOg2pfBZa,null
AOsUhSg0Rdub,vrmC1zYRGW2s
DgA3qckG0fMJ,Aqcbk6Oxl8wj
u7FoTMPOGcaA,sSWadVJ19YHB
1q8xiJfEaYPe,WxGudbZRThvK
vFwfjhOtT1aL,gknSWCt8NYxH
maV3SvhTq4Hy,null
MDGgBFLw0tq1,xpVlFJt3Lud4
eOfp3aFbZvrL,FKIUs8ailSru
tWw0vSqrUFos,null
hY7qaPjEwlRk,null
omHZnzhWjgUQ,null
A653LePYslIN,null
DLwRWYJHo1IC,Y2WLVzBcuPQe
9kRAtQEWYg2T,null
JbQpKkPS246A,null
WBZs6ug3wxdl,uiqs32w4jZxX
ScTBtgd067rf,nrMCDIW8fXoi
yaHp6BdYerRN,Yd30FkCEA2xO
USBOZQlgw0D6,o8Cjx2SgXdEH
TdcPwuMFUCo7,oqPKcT3B4Nnp
vPn1r5hdKmUk,zyC7XdDiHxj2
nsSGCmrue563,null
NoOrUi42EacS,LGgC3DmT5joP
xAy4OVf0wNbl,hLRXePZ9MVl5
6vfCySGbogMt,o5bOsN6iqnPk
QSCZxIG2OKpa,09UbBJEht4zi
WDpKX2SQ4A5T,null
BvsxSKgV0cjp,yvNdFMfaTlC0
ZkoUWesGhdwO,null
oUOYNaHs2iyt,sklh4SOgTeuU
MxCvzQ6ekNTh,otmuvVJRNZ6q
5btrKXSjQ2mV,2cVDXUYbJg9n
ekWirD7I0j4V,ceUyYjIOwl6x
RXhCHLwy648P,null
xO4TJ5ZfGvXC,NKgS3VQ5nUhz
l9bLiawNs674,null
IGSnJq0W6z7k,null
zy0xqHedGWm5,2kecxdDlz6IH
WGd5MOANe0Vw,null
G5DTfx6OAa0N,KW5Jcnky9zEh
ik21WDzSPeQl,lZUtDKCc9oWy
0LHBAjn5G1mf,vmkhKfSLDTB3
KfEW47RLuXVO,HoOV9nyACYDM
9hewvblBSOUm,null
eU14NQdhAE9k,QioSEPg7pAOl
U0oMuvqOKs7B,prtaZUW0Fhqm
rVZtenIdlwjK,QpSPNvroOb5R
P6bsMk8hJt0j,KYha9RqGDIAQ
aWvEzRF8OtBU,gZ9YC6n8wL7x
omYGWK49OLES,KVldChrFmSJn
tqmJ8b6ysf29,PGZhr1VBnCNI
P6tT5LKSHciz,8JQosnum1WrG
Ndlu0BKs4ALo,null
kFiVRrSu0eOK,null
6nYFPqVab4RK,Mc0X6JmaDroi
GNZUyRunKhOr,null
NdBoDj7yRbZv,594Kxk6vRH7U
ZzVyGFbo6qge,68LkwNi9lcZe
HzGdSFOgb26L,NulsL7n3rVIq
bZzvYDHe8X76,rctw0MZoUYq3
nMm2fNwaWX3e,36dpQX8btIfj
wdb7GMWcNOzV,NEhIHvpUVxQt
9ZKJ30oRB5im,eQmEGbhV5xWC
smqbTRBlfUQI,ngaEzvRo3yQN
hftxJlreT9zH,null
Wy94UplGujnR,4BDVaubdzwK3
mH4ocbgYnUi2,O58xbjvalUDA
BZw897TSkrdO,C7iFqRB0SInH
W6Xtw74uT3Sl,null
uhvKVjgyxRMB,kS5yuFGanT9K
LZErUea2PHzM,O1rhD0TQpFXC
azBITcnbZ14x,WTnqatGQ2hki
aBsJohVDvkUi,91SuiwFmpRGq
pOsm0YKotTQC,UJGVyFzYBiwq
M2ZhuaDjeisY,null
IEM3JQnWKtPl,4HyxBiuEj0PY
hU7szdcWGxND,null
JUseCWpnuHmG,qiQRZFXaVhYU
YPMwb7kqeVnD,oqhaU6cRJtVK
ThF2dkNCEAVr,WsOtwKnE0edv
49uVlYwkzyNQ,2ZtaJHlISdD4
IWwNjrBPsA3p,YWDwhRIyBzmf
4johNcZuO50T,null
cM5VP62iH0mq,jg5Ux6rhaXM9
Eu7YzjmLN2hV,NEvLZArgT7RH
aNS0Gk7bHZIU,null
C9vxmMns75Ad,09qjMbU64LHd
4dI8ZnoWRxVs,dk5MHX7D6qjf
1BNsw647CiK8,iapEFl6IboeW
U5QuO0pHq726,YpUFWfVq10P6
rOZR6o0qHk5z,null
I5sHpNCDBcJv,null
ymLSsQ48n213,LqBJEc34mpDW
riYxXFWscqCS,OPrRp5ukyBdl
jlNat9dRVELY,WVInipQS85K0
RSaxoCeNgUTb,null
gm2c7HISWVOQ,OuD3nCcxvTVM
7mJPK3F4Bef2,4U7l2OE1Dc9v
Rj83plaHsv7x,null
ueSNdgYGf5n7,PRhjNrivB247
piKGaHRd54J6,QTuizhLAbs7j
1Aev6YruU0k8,eUuZ0kKAzpD7
ysQJu8nOZ5Pi,PK1OrDSB7Qlq
tQIjm4qaKMoe,FMpefZEUwSKJ
5CTJbP4n6Svy,null
jG2HynhLle3Y,jTk6DQZ7oRgx
NtolFABP2qVk,7dmEHK9wIzlW
hXrZdH1WbQal,Cxp8BouSKQ2O
fmK241Tv3lyY,PY8G3NablnHd
g9z7c3jMCYiL,ilj28YbVBW70
QmqXVNBpUcAH,null
29vG3clX1zFf,aYA1eW5KtkFM
47LpxWY9g1Pl,6meVnMu29pTS
gdN5Y02WaZeR,bxFezqTG5Ps6
D5vMuBJKTfRs,W9wml2uxHzTt
nSLtX9bAkp2y,null
bvV3EiIS6MgX,null
wXNuyMa2fr9C,2KhoDTJy5Q3P
uQeWCcdB7tqS,Bujrf78vTlDw
eKPdUQMgxJul,kLxEuZfA4oU2
RTDHB2Xs1nKL,1UaEXghx4R2d
KRpXP7neGN0c,LJFK6W83yP0H
yNK7QTXkBFaU,AjRvs2Op6WS3
7PDu6RhOab0k,trkqLol03QXx
iBeHC2dThLqs,null
r0MLigOs6n7F,lIGa4x3Op0c2
dtMLmp4QXVwo,Eh2zOemyNdLZ
Zra8D1MT6qYt,null
q6YpiayDW40I,null
QiZGzDASOl8W,Rt31CF2lviOH
0MpzDyZir6Hm,uCxVkNmTpBX9
GMktBlHxQAVO,d53wMGkpHtsE
ugF10HtSLJ9r,ChX2ylu856Lx
pNnTiDm4boRE,tOhDWgnYVRFS
8CZn0vptqxK5,IETPpu3k4WDN
SYr3HeDUinVQ,jOa8Pe7zU2pf
N0UxepzHdtIE,wbz21CUHScLr
sGMRYgIbr7KN,tlEN6rvSU25h
eiKcXGNOTZsn,ovWZXwdyJ9pe
29SANnGmDikT,SshIbxgBzGmY
nWvQyOrLRf2o,PeXk546lahzR
5pwQXnLBi9F3,UngJ0iktDwbr
7E1kvQNbi5L3,null
fZNTLUlsje1D,null
qONxYZCPM8m5,null
p3zrE0AfDOiM,null
oRIKXxUSE3j8,Yc83MkF5B49v
qsOgbXz8QMKw,4qDm3QZjIdAR
bKJo3i4ZQ5jS,8OSUFvW5BwlL
6qh5dMHl8CXZ,pqytn9o2U0JY
ZegWwl6DJaAm,UQqd9PV6a7ej
t8x5e9FRkD01,null
q4UjyBiK9NPb,ixq8wgVHhOJ4
MTjW80zAXdYK,EfIoKqrJ3XiC
IJurS3bXmgWd,XYH8SWKiuwJZ
AovtYMNZ3Fcy,lRqWUyJjAazk
CWlAX2qwOmYM,null
de7EoHLYGVmi,wbvk5UF8n30o
nqsbkPC1BH8V,C2aNK1WSbrFE
2m9FT01rCJnX,TQUf3Z4xnP6p
HcUIgDosh1Ax,null
yin9zsYqlXV2,fNE7qaD0Kt56
fvk7qzBVrCML,5lgxvdp4m3OQ
IsPagURfjet7,PprN8mHvRf5q
HabTvXrpmGql,OCeMPYxR5rlp
0N7tkFPKZbx6,fk5jEAPue0R6
Uq8GSrYIEe0O,hELWos5g8OT4
MnQ9zo21IvBO,null
CIpBrDaw6b1m,3Aw9npgdWI1U
qCD2tK1gfQA3,NtBsKJIX0jY6
L0q7QlfT3UHP,IodZKpOYiJre
PymKgs2ilCfO,dDMufEtQ8np1
mIhS6glG4uOW,7TzvRWgF0Dr4
5iMbjVrIGU8Q,null
WxZlNMFih8tO,07N4hISeFTpx
L73UVuDOFwvm,5OGldxVbj6Qp
zIaY8uSGJ6id,dKnVUbrQczAl
7kNChgPwyfcV,sa2G86tuW0CK
gaWNzK7ZePMD,oqxK3YwN8zAg
izqAm0j7yrkC,0LliqfHdEvyM
C3OGBrEtwjha,1yVCwZ70KpiD
LudHKmFbijrw,R4NSyXmEgfKM
S3XBH0aLQxgh,null
HkZ0VheCi9Ug,NLxUuvtysW5e
JwmxniKMjHCD,4RZwyzxKAmC9
dUDvSA8FBEsX,YB3MKSVxlrHD
Pg2UYFZNMaIG,null
3tSF1Pfk9YNm,null
Kku4mUgwB5Yy,null
slLFuxf0aAo1,DWflzvxZEQB3
IWYXC9f58QZi,null
FId8CeT4bzmc,I4hm9P6UXAVp
1Yl7VxiNtBw2,null
NLg0bUQ34dyl,SKosOrPHYTUQ
lR30yqxFHfKm,smUh1MQ2kDKg
CjHGTNZF12Sb,AFsgvMwBdUbD
S5BkCJtfGbYT,r186ebqu7cKC
VzDQgCn9s2uk,null
rNKC6QpIMsGy,null
dCFcMrXGvY0O,mXh2lfYTSCde
YZBhQLb6oMxy,Vi8HECIYhdbO
FlaK8RL13hwx,xHZkvDpBOX8b
sG8t3mTvYVxP,x15QPkReglTZ
JyOEHjkvo7fD,d17e5tqcYnr9
tPUMiFbs8NIj,nCEI6FB38vQV
KTXNkq3t5sby,null
ZybYwk7reBDs,null
mq7b4udL3n6i,YPgk0w9Ahpao
d3M7QrxBwSTF,8PxKDyCVi2FE
Z1wMf4Eevh7N,null
MHnS4sE2Ffgv,5PVWL8E7yszD
LnzE6sroxl3J,io1ylR6GsmkM
gPOx04KBtaEm,UwGQv7FCbHPl
k5pSmcZAyfil,pLNT8yFVRB3x
GgabK9QH6JcE,WC5zMHi4bRAn
l8wbrRNy3Oca,TIWD5l9bjBtJ
oBr8m4WxT9DM,xzdLKM8Ql7qW
ULcAJXnpaPDG,h0CyzMoA2YIk
v8PM364TfOyg,7v5SHAOXB1Ee
0ErhGeJMi4gD,rEdz5RiW32lQ
QXVoMkUYEF6t,null
svQtLyHulPrA,null
oqEnfi53RXeP,eJByxqb1Ysrz
XWOfJklZd62n,Ifdj6W1uRnOl
TfEROHaWGgBx,puLtDbwlENof
U25J7VxTM69v,HlEMJKnxheyp
L3ms6q8uZcl2,null
XTvIMFoC8cYx,null
CgL3qvc65Bwy,null
gBUzZYPv0eEQ,unOm5V8Nvf7B
QPp5kKC3btu8,lQSrLXyhvptg
VKaglswnTBjN,null
bz98ZKCqXMcs,null
cq20fnaiFQs7,2xPdkOAUs4wc
oPZSvAC8NVeQ,9XxVkJsCGgfe
eyfzJnxrlE8o,IDYvgjtsJucR
58snuZPIlq3k,null
AMZxkXPYh7Lg,null
cXztEsUg4nR1,null
aOpDVxGHPNM3,null
uKoQhUjkgfED,Vw38cxLdJ1WZ
6bEfXCeJVQA4,mWapCb7hNgGF
sOKjvxZNoFwh,R3NpA1oyCZMX
PVfnIRKxF1dc,null
r1FDOjJIgchz,5VRIqabLUJ4x
RIPU1jMFOqlt,s7mQ01RKEuFo
PrM9btCQ5yBX,null
yAXxPHZrJUO9,sE7jaMcADWk6
viAOJurqFgGd,ofZ1gnhKQuVk
jiz6huM0tnDK,null
VHsM0cAGzxk9,etDbRnWUZH73
QJwF5K2cWlqt,null
kaAuywYCBODq,null
uh9CZK1WTpyx,TbcpOKEniNkB
Np8n6XyLFk1f,null
gyYB4sd5E0Hx,ia9EtASuND01
t1iNRYmuAslx,cVmWIoBN7qyM
tZMqaP0UA7hB,S2C6uwvizq8a
IXr9SK8NTzyx,null
TuIPZtKvejJ7,pgaSu4ZX8nFr
OiGN92wUZEIX,KHm5x2oA0Qdl
JvzmRxraUyN6,H87vgla5rOsz
nv0RbWMOqjBc,kmZTiR5IQs8V
ySXh6puY8m1l,null
tLrHbIKTRdhU,Ni1KhHS9tUGu
E9WpQsuqxXzj,null
JpKa9ewfOUBQ,g1ET0Rls4PcI
jumvy3DbcPNI,null
SKei8xq7Cw1f,xqEJpTsj1BZm
P4KAW3Fw7tEC,DxH1BMpf5ZAI
iKBkz1J8ArH9,BKfdPHgb69VD
Sj3xwkUiuHJB,null
kOdPamIVUCXY,vhebLyRGJ4i3
Macv9KV6FktP,null
vUuKHtp0nGsN,null
jokuyqzEQa3s,AjGDPTwazJ43
b6J3XoZR5rlv,null
QVeHvlbzMOxu,yeuNL0ZOlqi4
8IbN3YGmMVky,Ap0JlCSMOVuk
1ayRsxd8i43O,null
W2DcFUXGAJPx,2rt67ihLxNFb
XwPHcNj042p3,xLwFdfE1BDKj
fc7GLRHbiPqh,vNTmgRL4xrja
SP7TAEMrhsDd,vn02UVhezRFf
WlAO6NKbo8GD,null
bBKtsUrA0OyR,9c2P31v7eFN5
Vfa7wC8c54WG,MOLaH5d9v3bD
vSY5XMmnjcyH,NzPwDtuCoRkJ
VJtDB4xygU7c,SXx7cykCGbmd
RtsOLibJghdm,dhJxADgzPYQ6
D8mQRS2ukTs4,3wdFAS7PI28e
rcMCGEgDSVdR,iSKd7mPJxq2c
GSJBLbDx5doF,c2jIS7TtdghB
QyN1JF7eSCLt,AYod32qE6xGU
JECHqxzbLhty,null
2ywQhbeFmz5Z,p7RASbVsMfPL
kX6WFfrjUV3s,null
OP5jph7aYFgU,XkQ4JWh1sYlL
vQcCibWeFzIn,SNMzCsX6fThp
Jqwp9DHsG5W4,sLpeAywh9KQm
sNM18uaVyhgi,o4JGbA0MPQdc
5o6JM2lf18gI,go7Q5pFqnX8b
iDJOzBme80R6,8buKUHG3w5i2
F7QVohOzTvb9,null
lvt5LeRQ1b2O,DU42MuBIWZRn
ywos5hjHPSed,ObYUaiVIK7cx
WELkieumqyfH,null
XlgvbfCewphy,null
Hie6ZbWksULQ,B01XKnsE9S7L
Qmp6jtOv03uB,uZd14g7YUTV6
mRKQLDpBWOCE,nwg64NhqmycX
0fPQBhMuvU4k,VzEl4Sx7KgjD
TCxLP45091iA,4kUOGKxSVl1m
bsviuLXyEqBQ,5RodpauGVAS0
sVf3xF7SObrH,bn5D9r8fY73h
lrMCIRXm7hkJ,null
mfBshapCrqGb,null
J72lvF4XaPeM,null
pA1nrRCgkfXi,Eb2mluVx1NOM
Y8HbzjIN23Pp,ridEn68k7Y0z
LewVCnqOsfJU,8wA5dbKt6RLO
K9EGYWpkFTLC,5FQfPZWqCUab
9fLvV72OkDJZ,qAEgcDJON576
mgCzXJBVkA7t,cKCSUoZwQYJp
0PvmnBkFto4M,oBcrSqZyjbG2
5mGtlIQJrs2n,null
kQCaShbmpIwV,ucdTy7jXh6pv
Oue4ki0myPpZ,null
x9UNfRG78ulg,A6s2PD1mKRBN
tpzHqJWnO61g,null
pX6tIKJCqTLu,kXA7HlJKBUrd
kK1Qz7Xfl0eD,w1coqGHWTEFh
jP1yAvdhi9GB,null
tCFU7cxBjEaz,OpgusVeormwb
fm5LrunFs90S,qVvnA6O8pUZP
WacQBylZnNfA,hJjtfi3AK7QW
eckFSqT1s0uB,null
NtHZTopV290i,MDiboqUr4n2m
UH2rAIlKJp1D,null
ELkd0D8vGKuT,XkctIlyhTU7J
ZR76yY85IFBc,null
rWXKDVQeyqN7,cAOBDf0MEeh1
YymP1oNU76tG,null
r5qXR2timBPV,BpMIjeXh5HKP
WCoh6T4MZLS7,AY1gRS7QiMox
TI5YvfkzmC17,f1JBKQAXTGrv
KNvJu2fog0zw,qy8wv5XipLD6
im4y19xhtH73,null
TihjUad6BQSC,null
nS6BE2WvfLdO,nit2XbUNsG6R
G4CAYowHOjFB,null
59XYbBk62K3D,oZTbncGOdl5A
ugsVaTwlxct5,null
6QoEKcsi53nD,null
pS1zydX9A4EN,HlwDfnJSeop5
5Uj49N2Fuako,null
dvXZwmrSCih4,R56fN04XJSkA
HFdCrQ7ouaOE,84o1tePhZEqk
7YTOP3FgDdzq,ZX3FAGrvgMVc
M5hPU84JRmwl,M3QUbp9HPlwy
x48Noeh2KYcZ,DPj4zmSR5QNr
yX25JjYKgB7k,null
2nR0rb7odfwZ,OnQdNA42XsVb
3rYahpyI5Q4D,null
rClY5anQIKtP,2bHWn58rPvcZ
TeKG6ZubX9R8,null
v7RjmPSudEyo,3yPnk29RDUah
6RnpUZdOrzKD,pVj8HBaEGTJh
jWMbBdDR0lYQ,cEn4wSvNb7FV
AM4csRkhDq6Y,VK2PrhaSEUb0
xy0Vnlh7UsrK,null
lF4KEN6XaJmI,null
wLSzJbXGDF7N,zGO0UyHfajRg
1DGhWNRsrc4S,2qSwngzWVfIv
3xoJhDfyMVPr,z6RivCF83OqK
GUBuRMgvIJzt,EGOCyU3KRALm
W0Q6CPyvwNoM,YjIe39VkdJ1m
2lTqnawb4ijH,UY1yHeLQCbBg
C31w502yg8Bv,CsH2etEkq4hi
fFrn6sSA4LEN,null
1MXC5DZUuyaw,RVpQHgfc9m7G
S08piUI5rsPT,F5I4i13yHgKp
rxol8XzIPEFG,V1CJdQFvGepf
VXW082nLCzlh,AabDJERrkN6y
pbCMfSnK4NWA,null
bNiwHDQGBUao,utVXjTZ34CdK
mR4Fzfd97Q1V,null
EOtoZG8jTyBC,MIWGPwLeE5Si
P7318gOZzubD,null
x0wMfhuC2rVy,null
3kOvanfBPmyR,307rMFkQsbWN
0PT2l4mvkDty,opc7rWGxRF9N
dxs3qP0ivepE,3AFMR2j1YS6n
nYB6edLWrOw0,04vSu1dRMXeB
BPxucXYJhOt4,W6PogkLrMS1E
94bxjhIMOvw8,XycitfhKdC3a
BVNdU5RrHwSq,null
nhxVB3214u9a,MIpmPOKUjtDi
s3AyFgOQLl7p,G1JRIghpEOd3
jaHkWKVo7XrO,ns0KBmlgbJAG
ZAoskE5jWcTd,YByW9AZrSLlq
dNp8TWFijy9D,rVh0ANsPMuJ8
fP2hiXgLaFuQ,G3D4ESABeomM
V8iWcvlPaQKm,2SRnzqQO4UoH
BpFeLqzIwWsP,7FPWlTVJOA1S
8ZaspqC4XHgD,GqvDfWUo8ziY
2aLYh6N1DIev,p3LremQ96bY8
KX4zLh75luNI,LAWySlvzY57o
k50mrEye1OpP,null
AzvTMDawne4r,dEaiCbosMRN5
Rxh64YMOkDra,HzWq2ltJrX7E
oCiHvDRVLQam,null
VfIXGeZxywcA,null
xbqHpB9dycRD,6o8FyxqdacbR
TCo4ms9FPlyn,OEvDXVjKqyzN
AuCGFdj97mSv,null
Dt8xwRmBQcFh,PD6IfMsFv01O
B1ksgJ74htv2,YO61rZ549EzA
MN57XThCf9Qx,null
v9GNqa2Chdbt,Qb4EczUtsDVj
7OTxyt8c02YG,yqhwCQnSpVaE
0f6iGP7ITayS,null
KVM2JctqSQgp,null
uXCgaeKdJzij,Bs2IO0UiDEG8
0kyYxtzPwGq7,WDZymxrBQkv9
Hg9Th0yVYilA,null
32SAaXYKNk6L,0EDc9FUnLRJq
E5YNk4d6CPUj,aIUxgy5Wh4bJ
xe8KoUlyhF3s,cu7VXZl4k8t2
qA2fnQSWFtNY,O8xs34rMzDdV
FyTkW40infLH,null
CWc3LqFj5t6m,null
S5iBVbrlnRGC,0qNrDV78oPXv
OjKFMptiAuTE,XcQ4N0E1yP8g
uisAwKWrkg7o,5rtcjIZMzOKw
3uUiBKqH2t7L,null
TSIozFl53WG7,WwQNFYVy65Cm
ndozUOK2mZku,wbltSUz4XNke
PJzFGDXHTg4S,8mbFwB2glR3S
V3LnDT0EfCFm,gMPI9V5kLcuQ
rZ1CKP7iSmg9,3GBmsLV5XMSK
MUqlwQEB4hjJ,RLun3HyIZSEK
v3blLiU2Amt5,8laRqTHxZmVN
cKdtzpqnwgVW,wEdWU1VKt5IJ
ecvUTzKqOsoY,F2vfCqdTkl5u
dwJz9iYlq3nk,1ia4o5V9jCAd
0iLm2ODfotsJ,5v0dCVc6Z4Ff
wikYzA6g5bn3,LQ4jyxhXDTzZ
hbkTlMQi289u,null
0kcw6QGePdUO,NSap4Z6ugV23
KYT9y1onO6F7,LzjDtkH2gEoO
UjAOEZLSJcoh,Kic0DjUnRylN
n4OJKA0VeDfC,null
rZsDYxeLCbQ0,null
1ofxuOP5j6UJ,CDIp6aL82dHo
K1qiugRpHkTm,Z8DMTGNvzVwr
Ea70j8HLg4z9,Tsyb4UzLcmkf
VCKwdcfN1FGX,null
BUnIjeWEqw4P,M5jy6uxr4RfX
x02TqezMpicH,zj5TdFMNlDKe
gwNDpGuylLa0,Gc1AxISwYnzk
VZDCndvxXpAO,z6KA2PfrHCpT
WYRqh2CrPcBo,eaXqmUHdgFOS
pgMEKmucdqeh,HCvDAg3SB79n
JMQuNpGvPnor,null
ZehSVRCu38Ed,null
AalgB0VWSKep,null
a8zsrTf3KtJY,1mTb5usMS38V
WecjCQPUIAZo,2tIEg6p5ubO9
POs3vBmD2Xhx,z5dsReg3v8NU
M3oKkAd6U2Jr,Y2kBPQXRChNH
8pLOaMJXg9fK,null
4WOyCAGDo8gd,tK8kuegR96rn
dR4wAyIUYlJO,0bzRlFtwQj67
pkQ9XjLt2igu,null
ViHXd7mnQDR9,P1Z5rUSekDmT
3v7BGtWTU4gF,GvOz6i2nEXcJ
MlJL2Sk0w958,null
EBGCtFgM84YI,HLBTfnhXSZ4w
lnXoOHmC2Ubi,9Meh1WK6uPSp
UVhq5QmTAZ8b,EoWxVgJ6MZKD
npYQ4WPSy1zE,TDHUSkFMBmp2
tYuiUPfBXSdA,N4JODjUYycr6
yblW01xDPJQI,TjlkzWrP5GX3
oVwm1RdxtC7j,kZjPsp1NOxfz
9paqutxnPB0C,null
qmeoBiaLf7FD,wu2jVnQc1kJA
EJXr5G3wP7yl,4yLV3KE2p5lD
TQXgUZvtLdHV,zXltr6a5G3cC
qHLKc2ekygbd,zWC9Gn4VMxuL
RHAq8sD5Lmf4,6VF1YkIxZdr3
chR586HurEwo,null
evSTEXOhU9j7,h8oLfMcCKrDm
IaF4CPZKiRxW,null
mwCx2WViRBKv,pcQ2hf7PiZ86
vbqtmLzs6h2M,krygIaROmTlh
hkX9EWSZTQCl,null
oa1Y5WV3ie9L,LfvjPwaSgZYb
XQz7iul5jFNf,null
BZmGjvKkFgxA,null
FdTJvwx637p8,rISzc7AGWuOL
BL1WOMP5NZt3,null
NP3qOinxhLw8,null
tVUvG9Q2jEsn,null
cILF9NOow35z,Q4cXvhJgNWAL
hSvZrGEuiYoF,Lo0IxmQC8316
lqOmjHLTtRkz,qfBOnzvtLEUF
TZ1jAloX7JxP,hYVUZ4PGIa1b
CKQDrqfXeVoO,VDwmdA7RyKFu
QaqS5rwWX9FU,null
8U2dsFkIm43B,SJ2IYBl9vams
STPsrtv3dDpF,Z2WIYjJl1kGN
VbRzasKnOtZe,oNtSLTPlAQud
RN4leW53icn8,null
Davurdw4HWx5,LGQBtcyEgZPd
Cbm9pjL5YJrM,7LGnPhCONZma
tdZukKQj6FOV,Kz5bRvYx9fZJ
vsLKdD4MnpWq,null
eX9Iv0sLSo5Z,2ifF9X0TAPvQ
YGWdtOj4muI7,xVTBgsXQdPqG
SC14Oov8tE95,EDC1aoRPIbls
kTZxMinb5y9U,eFWCI6bvZ0pt
S1Abjey8kQXC,pWKSgNdUZHlv
N8ojP0rTfQ2G,null
5Eoy2xNAF1Uk,Ecd3sOMkNWF4
oOjbC9BxXdFe,null
oeP6Ln17XBMi,CVZ9zgdjcn3X
q6Lb0iFRVoeB,r1vNyYPwOgtZ
Fy14O7A0gWBE,HTUkIQ4WyjGF
wK8rEtUmgn3H,JrH4bsNa2XwT
FEwNIRctiQmn,a95jlwMHGT1V
03MVKBqo4Izy,u3iz8ZEtaKQP
Qa0yNsgpiWzC,ShH9ymfoeR4X
EhDQbpfXGnHq,qs3v0mJlDMCN
XtuYFWrBEnOP,6mGlOPRcs3z4
4KizybZoRMGa,H3QJghrEvAMi
UOSnLg7Kc9EZ,Ai85KEgoun34
OeSogu2sKn7z,null
MHzgLWfcbPE3,null
tQ4SB0epUiCZ,null
Y0FpnHaLcSf7,null
qpc4GBQV6Nhx,null
FsMrnL7i49Hd,gRhft93xkFju
xq7E3CVBXRyQ,xju0psFaI5dh
RkOxXASy4Dd9,Dhg9KbFpIa6o
Tg7bXIEt0sFA,null
rs4iAKQjeOv1,hsDEfzUNg9mo
nWZOvQw8VYgB,Fqpd6QeGNxfo
2VEPizFQjU0N,HsoiMdDW73LQ
ah1z6N9fgI3Y,bI0FHx2KBDm6
V9tv5mF3gfHQ,null
UVQk15CPXSN4,c9RftxFnMErv
6jTyXLZn2Olv,OvL3D5mx0QXa
dKloF5fqAzWX,y3Zm4ok5C2AX
zQur6ixeAo8Y,aHZBysOKlfeT
Z7P0br3LjYRq,8aMWkKbE6dXq
TDyiUFQWS06B,Ycvxd0PMntTj
ElQiVsCYkwU0,null
L9ICGsXBTEun,null
D6KNEokSJIZ0,CSxRT4IqvEYk
6jbBecVmufO9,ca6vq3fsJXVk
hj6k7EIpw8ZQ,k2tr1TW3Llyw
RProIw0zTaO5,znplEOgLJ0e6
3AYsNial01fn,null
6uU7Ce3rcLAQ,IH8ib4cNq5W9
msh5B7GztSKL,null
CyTWBY8eQKc9,VglS96Nf7h5L
6lnBxt3so1Od,null
q42invVau79N,JZYIDyeWKqg6
ZRpia0Cek2xU,sqBSVUk4le0D
p4VwOobWLKTe,null
Zb1jJyQGB4R9,null
Gybw4NdpxRkJ,null
nvIQs0xTdSMw,REjyKCvoV9B2
X8QgGEtbwsSR,9SMDNJwZ2Y1z
OG2E0iR8b95N,eA9IF42fplm5
Ep9SDo5FZrR4,PwXAZs9NkoDj
tO4ZA37aFNGS,QGmRwl8qLEXP
cZHjDEuSfqOM,Wh8EloNsk9nm
AP0DEXr2T5Id,null
twJE9CVq2QS1,wkleGNY58yFs
I3QlN6CpVuXj,3Ic1lNZQq9vj
Nba34RUuxdzV,null
gA5K9fzShlar,UZy2jpR6ro7g
MNHQUmZSnVXp,B5QiTPrxv10f
9xyf2Zh3TN4z,RbTxfWjZPS9V
UqaQwH6SbTcx,IonbaWPBE1xM
UH1TFERMwKy6,4Ahj6Gq7Ydrk
FJ4Kb6frgRit,null
xPUokQSFyvcl,sZjGoeulnEH8
VXgSUWARYDOb,aq2i5B1PsEUb
iW9XJdmoutZe,dbQgv1DBVHqr
tHQFT87POvJu,8YFCfOqSRT0e
b5spYXEVW9qx,H3zXy69IvlCn
7s2FHMDoziaL,3169k7POfYcZ
m8uajlzsFqGJ,e6l42pgxtYFU
ws7uPZ8r6mqy,XfUzJv1iocp0
tQzOlwXICceJ,null
Tr21yBjk5M0S,WH3j4aMQgiSz
IVv7Uoh8tc5l,rKS6lcCOmBR0
FjMs6AdmBOZi,JrhUBVub1WZl
6kCrczE5foeb,RNiu1MrcOfjp
Z3knOKNDmp5d,null
zgIwJ3SlWEV6,null
7l9kpSC2jXd0,null
uB7eVOJEYm3P,null
6SNvqlVW0BJn,null
qdg2VKrzwhym,idDzEhusZ5mj
lZOgrtXEKIyN,LQ0CjmbedAhU
SGQgc80vwqrC,jWoCI2wpJmeP
0yRfxaCZi6oe,null
Nsqcu89yph7k,dZtTIpzmsBKc
EIpLX762lkyT,dfAwH8NbM15e
ZbXifCLAjxsh,null
dgm56OJlZCW7,ji6kBTYvXPeC
18eh7GqXnLJ3,null
ftjNsd29niye,PRXYFqpi7vOb
AzoUcShLyGrx,Ov4I8FJL1Vig
12ld9wtQTWB3,null
vjAmXgCHGpwu,T1eMgfar6dqK
V9tPiUevjHpm,null
rbO9a4MCS3po,null
S40B56iEugI3,null
qaTkjpxJgoRQ,Zc4Cz8h6bVUX
Qhjw2mrIoyHd,null
cAEYISbhepdl,0YUWtZsuv5Lj
waIC1XmJglWv,null
0E9HeMLcNUyF,AK4LTSNWszHn
tsn7BkiKfwlh,null
S8PslCz9Y34h,null
YvhP4bHE0Def,7qxBz8rnV5uX
zvjyi97mlVWT,Y6TSifv0cqMx
2Hwn4DFPmQa3,DRUBxpTy4gqP
aokMEgrimFZ4,qhFigQwBmaNW
f6bJSoMTuPXt,g15eCNHcv4bm
2XknMVbT3BSG,WRILbvhJ5OeT
9jwzbBLMQfFO,null
ga318kCjcxlf,PrqSzpYFcAam
dwnahIyfqN9R,wR576ZdKYmvg
fnNkPJgGpHAi,pAL39StVQeTa
4su7YtXv8Q2L,uMXYKPivLI69
B7Pom8QpxKTV,null
3rl49dxYOyCX,null
isA78Ykc2E96,null
R3MofuBdlaUg,1tNEd3XBu6VR
zgt2Dj7HyPr9,arocO9BnUMFy
EdiP8GNUX7Fp,bWAQEVKnykl4
1wZc4zdgaM6A,1IRELo3UiTVv
TcsqSvMWN8O4,x2FGRL057XYI
OQqGRSBYCXd7,uHbdZOs7yzwi
R4gVJ6AaLp9S,k5Ll3oIhtq1A
f1MsUtaKWFCj,null
vHcg9IlUMXD2,8qpg6hN5DG2M
7w6g2mk0Xnfp,null
pJIRlNTuLney,null
0SEgab5sHWjf,yboH4AShYd7N
tejTHRiWd6pS,xmAYZk1K0SgD
L3ZEalypzugF,null
f5IxpLtgwUCd,null
XGYWbvlVJjr6,null
FApw8K3dGOob,tpxY3dnTHrhK
p8UTdPYJRDmG,685XA3EgVHws
4J6Tlc7LFwKn,15jh6XdOnMQD
GfaWYFmOrjS7,eE8tl2PMvC5r
4ELN1qgVmcna,null
05Dy6hOd8eYS,BNm1P8UWp5Xt
IlfQi5Xqta40,null
WnBgAvtET2Ih,echBOTNP3UiX
AeFYGmkwxayV,PYQJiTq2SzBt
NvU203F49XCO,null
CXPkfju6zg5T,YlNZxLEedb6H
6AxRtY5ayjSd,JFuv9aYRqNDm
dZbHBQpmW0ka,TPIZf1M4RkLE
6j5Nl2PXAqna,Ke3E5tiXnIdu
UcR75aLASNtY,null
vRkADPYXSjcL,null
jxvrKadsOTcL,cGY3A7W94ogJ
lgkD197BMYmH,ycbrMmPTwkCG
rWldhZbY0C1u,X3xsGn0wVm4T
Bz4GmpN0IdZg,JecS3pOQF42W
XRhUBW6mHto3,null
v8IX2NGcShJK,o6hXe2cOsGxP
snIrM5Pxlha6,hPgb4Z6mQTfS
c4l2Z3ibJoWh,ea1zkNMvwPDu
dntiKYX0sJH5,T0asAwSiJde7
WEyxANdOv681,sVRjnS8BUfXt
zSovDF0TZA61,null
cb4Rdpn3LI0w,VvQr9FU27M3S
tpCOUPAXIrnM,null
ocg7eNMnsrB6,null
USwxOQ50Bu1k,null
196QZlkV08JM,m69VPzjAJYEt
mTpNEIH7J3fB,null
opFjtYUiXcBw,J2CFdWbROBH8
VsLGjcY6OMd0,null
Ez6VkJiNvcWg,null
CYZ1b8NVgARp,coT7vVUGmw9u
Gap2sBbWXmDj,JK8EBvTbS4FR
VZOd84eNlk3w,null
XwTz7Kjbh26J,PuGK0cztiBDA
HZ5GRNUgTpWt,OYc210kQB3q7
aSixAGCo9w2I,Vifl63zt4WST
3VZUj1nlzBFe,gZyRpTCM3WjU
8Lo61dJfplWc,oIidp4RmNStQ
W7DwxGcQI25a,null
QU0C9Ypd7KwN,null
5P1dfLj7DGRw,AYeCg45TphRQ
o0enPUflNYwa,41pZuosrbt7h
QCKDjTcgNhXt,null
dwYHtLXxAjB0,nA3oRPD5Y7u4
d69m8ysJB2GV,WtSm2TIrzqNu
ANiLXk5nTJV0,null
40ic2M8EJS6k,UJoSn8HjKGWh
xb912nmQUvdu,null
hqiexK5bkXPU,837L6Zxel4yY
8mSPOXaZJeQU,null
aTipPovHKxVU,cdPAbMFIa2KE
KWjtM8XcBl4O,null
s85u4bWlGvpt,kWXtLb2Ul9pK
Uoesg1kvSX0q,6knqRoJbIYyC
im8aUGk6RQpS,null
UHimZj3s8Svf,VtBMkWf0c6SY
80klq7Eb5APu,Ih6kHTl8Dyer
oO5SHqjhFY0V,ebSoWDgm0jd6
HTQ16jYLnG7e,5MyRro4Vd6wp
8V6Lboyaj01q,MnpFXumP6vbJ
zMpxFj9lfCYb,PdgebzX8RNvC
JxkPe1pTOgRy,a8tmc5o2dpHq
Q9vjyUgCEVYu,16Ac3njwG7B8
pZh6iNeSPDzu,wP1Irt0oc256
BGSVe9td7P1A,u7EUTGBYaZgb
yiePxDHdOsNo,e7cxCsMbmuHI
thf0qTvNei1z,fsichFeDEtUW
R4DSz7INdueM,null
DXQoqV6WxCEc,Kpbgk7aVfXGR
DsqLxQvFc8oJ,BHYX5OFw8dQv
4g9StjOHUuA7,3UpHjuQvhwKl
3scabBvH9pXr,kWpaqniLHcw3
pgPRkuLCHyEx,kCtLmIMSxwYZ
VXbu6HsoinfM,null
vCdJBU16I3jm,LflO2nHMVUFb
pVTxjroB53CQ,Fl4zgrV7qfsW
NwYBrxtWHn8U,null
EVZaFDPmwdkG,null
phfmU6WGQB1E,null
pQ8AJM0EglKR,CKXlj9Tzgwxu
1KIDU8XSVHkG,NUG1KCiYlB8q
YjlhqMCdsIyu,s0c8tgrp64hi
LSprXTRh67zW,2gvRQ5BGwqYf
yMHJspeu3a9b,9Xpj4kC6LbuT
baM6vcItExHA,jSDARTJkgaqu
47RY0yNnfriW,null
g8yuKE5Jh1FQ,K6aG9BSgvLdz
jBQfktTphGWc,LeW0k2XhyDM8
rgLZ49bxI6nB,XGpumW9Q6AC7
HguGB6b0yQUE,szSa0GHRVpr8
Kv9k1Tdj0UXC,null
uLmgyopUPNJv,mYrelnGCNPRy
f5c3IOoVmQlD,null
Si6JEVZmkARq,1kax4Q7lijAp
SKm7yxF5Tz4c,qj5yXSDclbiO
o0W9TDqhgwaH,ECwHSmOyI4f2
DJ9i3pTcd4We,null
OXoYeu1RZUr6,null
stmjY3wycLeC,PYqskL129eWa
XyrMUPY01nQ4,C91xqXklYPbv
8rbquQteW437,ku7VU3johAmY
KT0lQ3PmIFg2,wKATLmhqMebU
CIWYjg5zM0Sm,null
qJ3FWhepr1jZ,null
8iVfx0yMqQwF,ksQZg8SN3yvP
nZYxO104zGLS,fkJU9i8ethH3
bVTr2JPMhmtp,tzVDj1Ybh4Ov
QTR8U1NZOgWH,null
jymXcMinHRod,null
NQpdT2Ut7AJ5,N3r9VFn0WzZj
yrGfBzPp4ilw,O8pkUcxzEB1G
N87qcelY3fKv,null
zR3GBjHgCha7,rYibGRS5qgaI
oJV4ZaM2B5Es,C8NXtbMv3dAU
9LBGdopAREHI,null
P4osiELbnFZ7,wWr2MSX7oquh
DyhJsozEQ4Vw,iVQRy28Ee7AW
xT3E5pBM04uG,null
OFspZr0ebkC2,Rmduen06JDZt
PuFHGQf7jxCs,null
lzBI6LiEVYbo,null
395oevKCBa4X,null
OrghLCNfpbZc,Dc8MqTPhjsAe
wEGVnbQYHFNJ,4HRthj83pnir
8us5zKkG0RnL,null
lxgihwksYLHU,r510kLTQCRH2
KsEQGpSLrDWl,CYTfrWlGjz5N
gpQRTHFL3nGD,null
trFg1TPLKlsJ,R0y8zbx5CEru
rnP3hsSx5LqN,lPt58ukdWgGA
PiKwdG9q2TCj,PZgw7moG2rCn
OEKnMxdqYifS,yRlUAjeQkoTI
zVNcQW1CO9eM,jdFIkZTWcH49
Yhqfwp8DGzAC,xDHv3uF8zfPc
MWOf6oavSnsN,TqEWunZyO9bY
tU4CveLijwyp,dZhNYUTSj6Pp
4EHxGi18gbcF,null
VKicFlLPp8v1,l6T2YNdEWz4w
aJg1pF7CKkAI,null
hQrNLUd4oeKq,gwbfkhiZ7HJd
SXpCm0JBMVjw,nAKkRZBmq5Ox
CZ0RzAmNVnQH,BQCwv8mMjUFy
I10aXi6WTNP2,vAgSwti6QpRP
cHDTdXm8g9wa,lVrSo13GihJn
VWqHy3DkopTn,null
vFw6m0qenABJ,YzO0uFl2sLyn
toLh9582Sq4E,BUFMomDRjGEA
tJlPSjcabG3L,yomvwDxjc73O
kZD8nCMUmXpy,null
ujWPrwSRYX7q,GmBajNF9q3s6
yYCSRDhVoEL0,P5C28X09brWz
MrYnJAFilX51,XVat5c61NBDn
uDbnYRhxZTL4,q0Kw2skEp5dI
jtkevr5FaEAD,9NI7U6ZG1x40
2ual59QVrZUf,lg1D39sfLpAJ
RiCrodWnsVmU,wpokStauC8Xj
pO7kwTaRsGVH,null
XkIfaM5WBTHs,null
htik3sFKI8yB,3AvyGdnfs0hr
filzM9OpSTaV,ndlugmExFWHA
4RsweJG5buSH,qCgzX1iEMPKf
pBIym3YwOfzT,makEKetAiUpT
DFOG7iT89BbY,null
PN1mrLZ7f63v,rIW4K67xLcoP
lin6WEz2cIH1,7wvg0kQdaGSY
5JEU6hK7QayM,null
KqNePLXMVtiS,null
2mwrIXadM54Y,null
mwv3JP7TO9pG,null
kO4Arg9xyP1C,5B36bHdsnxpD
MnePKy5C8mGL,null
HYktzdAemIa6,lusA957WIapc
U8qQZvNuG2YS,KuZmOfX2i8Ys
Rg90QVj7pnrC,0F1YOZznsNpi
mAbsoYaD7KtX,n9JR3qubN2QY
rtaCuIXqOAoR,null
RHnGYyIN1Ad3,uyAdRQzZgXOw
eStLkFABDIuK,UQTxvIb2oED3
yUI96hrQz0FD,t26McPmbYWvp
Y2vzbm68aN41,JYXqvdE3Q0Hx
mxrzeYtvN8Ca,null
T7etzgMxnfo8,TjQ5k7qpsEhi
cjDwKGPu6aMS,CZGE7Bxz8Yvy
pyNB9bCPRoJY,null
7MLsizVTpJ5C,dXThUgCHW29A
F5Gciqwmg2zS,null
R5yFwn6rW9LD,RBAzvfGmj534
C8fNBmor7iMb,AdRhsNT8fmJD
nQs8KTUvpXBS,oVCPc1lw3Wav
S69qWIxryb8X,7Jbt24wuGFjn
UstzSHrvY32j,OdHG9UjTnygR
h4UgXctiwR1K,mM8aDQcEziTv
25z7XTFSHuqK,YPj8lL4xnFrO
VS6D37lXmTBe,xCjriX869GEO
ovI89qpR1jXL,qtnj573AYoWL
S0a6yWNgAmRl,null
kJgG0Tqm2Hsi,tEgc36dlpe4k
kQgqyFvLGz6S,BHqVWMGarzDk
zThOxkfqEoB9,null
ySzXV498fEiA,null
ERaW3TQGBCAI,p5sQIjau6UrF
d8CztfWbp1gE,q34n5fpeDIEH
6x2rPkOUb4Ie,null
vH5D0IEchGnd,xdp0wSHXkc6V
7DYGlU2d1yx4,iBZ1CoEw38Qh
FWTxMAfhp3iS,null
MQ47Pegi1XzN,BErXy6kfSbvj
0AEUcXeuvPw4,4jOtGuMyzhJp
PQAj6OtqWX2l,ZKyioEgjem2V
pWUgC2hIXNuT,C41a3ytsbeGm
paQ2Cmo06Lx5,null
TV0hpOQkfuav,null
2hvw8YTX65dz,null
wMILKvjFmUrH,ULcB7mJ5Rdxj
YCjBqW1sXt0v,7qnuQTylHEke
cvzhVbRinEl2,ETWH0Jl8cXdO
7gtXvG4alHBm,2Sp59PRKknBW
Fb7V5Cypsdix,null
Tk45DS36yFAs,BaX3PMY4ueKF
AKXDWkUv4P8p,null
yXGd6weZAx14,pXaP9HBEMGVx
XDikJ8ar70Kn,null
qz4IdEpMZUQR,null
0OCVISTn2mtY,null
uZr6PYJAdsaq,RkfKr6O7px28
qB4DS1MithZz,null
W5IcHjkYxRPs,PA947OhIRVty
dEcn7gI3hy5L,LWPEyB7NY2mH
R70CdhIFDfbM,qzLHPjc2ySAd
9YyBTADV5dgl,plQY92nEv0Gf
UIVHgyla63ht,0Gbal1DEJkqM
YCUaSWl3o2Oc,PoUMWZOFNl0B
0hzPs5NMbuRY,null
5iLPg6hWsdSX,by4hEJQF0t2f
r2ixDZLqkXsw,5SiFekVGQgl1
Rhw0WlieYfVZ,e6sDNSlMG41h
GlZCKTgYpRzn,68N79AvZTRiV
psTN8l6ZUKHQ,KmWnLT7RCpHQ
gLFhOom0sWQR,null
CXhxL1RsFaOD,LiMfIxAdcDJR
Or6WuUtbeS1D,tTaBxeCkA13Z
UNkvZRHO9iMG,null
EeBkUH8zWSNh,9hrjt0DgPwUs
iXPl1YDcIHmZ,null
2bVWBPADnpXz,ALn5ZB7Hsw41
liZEYMRQCIOv,9mM3eczGZD5h
LOTXmM8ognjt,Fn7trMaG8oVH
7IDHzFrbowP8,DJSWs4kHx9EG
83o9RuXfmD6G,Kx9OUBnYNkPM
9hEHzyfjrJbt,8dX3TBOKN7jw
QrfLJ704yb6X,l1sBITLChDpQ
XzoMs7d6OiSK,i0XOrl6KVdIz
YoKPMTScV0Rw,bCMXUOHr5WKs
qTGDP3WkIu27,Bx1ylmAiq8TX
KpY0AUlQvGW3,null
CzRYWLc3H8y2,cDwZ05JToaky
eCU2o7Vg3Fhi,td8i2FCYvpuk
vXIyzPLpxwKM,rDJ2z6ej0v3O
huV4WzEOHMen,0N39I5yEXUz2
OZuaEFthf3pd,SrDEBuJ5PYIi
AKLTzxqgjJIa,null
mvgMpKSn0qVD,fG3R8gS4rP6p
XU9KOIgPyZBD,LuzndEIUP5jf
pvcrhNEQbatK,null
G0feMNqKUt9v,IVGfHkCQNnAD
r6y9sMn7KqjE,obPkMA247hY9
yERBw4FaXSDb,eRP4z0cHYsDm
M3I7HG8DTR9p,null
HldAbOfNgYPG,null
h2M4iureAmxV,lRoPsrWYIETi
8YRJzwj9ce1X,fjaw1C27PcHJ
zfgxtFBQ76lN,Lqwhe8zUXNH2
TyRx2jZAlKiS,sGRVUpEwL0Wv
l3QBeKCm0Zvd,null
Ew1V0pzKH7BL,GJMTWrUAfBox
pTIOrNx2wqDK,null
eEq8watKbMzI,null
tvDRkHTYLMF4,i18PuaxIWdz5
5h8TeqQags0k,WxbQfMocGnUp
U5OPFrlNTqLh,JQPOEuzYLxwF
fzAx9myPiOXF,null
zSdWLMaQ9lFB,null
y7ksv6BIogwF,yzepUB3qR6gb
f4QKa7q2rB5T,NMpw4FyZLc85
nKe6Yr2ykAGE,yTNnIV5br9xa
V0gdPa7ZB4UO,zALTSg2Y4B1y
dyEOMFmA9hHP,null
2BnwhbVdQ5o8,Q9YuK5hSP3JT
bmecugpWqOPI,N6JWrFjhq2vw
Lz8WBrEsDKU4,9CKIhu25roLx
24oJSsOdA6gm,XuNidxDo2zC1
g2Tj5CaPY9Gx,DmvZSzTW4rc5
8rf4BbsYTPXI,wG70U5AFOcWI
0pPCV6fnAvdi,ADxPnKrUvwpF
JSca3mqCe7gd,pMhgVnF2Qlkz
T3VOBWuS75MA,4bmyTK83q0EB
cel5oYhxnvHP,eoX0qWfP7dlc
p2NhjsAuJk9O,xbWAPVZJv3i9
0ZLgumkanJVp,lkTM7UuBsy14
hezrboBCZvcW,SrHOBqGm9cFI
ycU3BpeCTrHZ,eql3vIcUi1DM
dfzkvrOuxaMI,fIdmY2u97sTb
7n5Oyb6DhXUY,k18DShvpXyeE
tM7wdSxg95L2,S1pxdisHYNcO
OmCxqBNpdtG9,null
WTEP8OYowqdh,e1tlJVQXEBIi
sXcQTFYy2I8B,null
6kQ4sGFvADRL,null
gJLp7dQweVkt,u0942HbDOtyV
0PMKtyE1iYT9,Px0alpRQT3cY
xWwCAU5PHdGz,wJPMgQ1t7m4q
UuYgEshAGe8H,jniw3mJCyXx4
0aGoRP1gywV2,djYZ57lQmGu4
lPVDELqBHoMF,null
gYM4iXdrmpt8,Ct68z05iu2gl
VfZgqR1xNrHA,BoIcOprRSNGT
MwoEP7AnB2L1,null
xcaLGoWp2jFk,qidJ97PAOBc4
F4EIc281rjBP,8J47Oi6yShLV
Em3bVayzMIcD,muoF30vJKc9T
zGc51KMwTRBt,7fLFsM5u8Hnz
sPzadEFpLWYR,62pqlrF8EnSg
lynTOpzmBuhJ,MEUkOXZYd78s
gQJw9PTzech5,Sq5kT9jPpVro
JtB6ruszKAEy,w71r3T0stR8U
jLulrUQXT3C4,iLrKzmGtyMSO
snclHAPavuJE,null
5LP16y8Qq0pl,P0UV3wTvICNQ
z4XOmhuUSNd0,null
ex7qv6iZhNmz,null
ptcEMXFJhn4g,null
3PxOy4vGWf9a,null
yYafV1mpZrRi,qKSoOnVX8asy
H91Rflkb7VCQ,3DOZAS1PWbKG
ei3O8kNEPpvL,null
i0XLdK2kWP5U,uvSHYyEblhtG
wkPhiQSxZ6KM,null
voCVnIZAgKUx,QvoJD4ed3mNt
yV8Qru0TRt7S,Sl814dzfJyTB
uH7ZRcKTqde3,aQIbYT89SoML
cxlLZE7P1z4v,null
wEUYbpKN35zv,Kj3dFUuPcshp
z7vglaEr6fRt,ABsYdQPMFa3W
8H2YL7PQVcz5,WbBIenoJFZ3k
TpCNi8yUZzGI,bu3Sc90ymCtE
OBMG57DVl01x,null
D5rhNXz6yW3M,YolG3RsHW95h
gz4skQMrJh9e,null
U8xrEoZFcgG1,puxJhnQRrDL2
UkWIF9gY72iH,null
lQ7ID8McpenW,IVUkQ2Bh9MjO
tg5sGBpzr2oD,b72gdLPICQcq
gN0EzTdwU6H3,null
akMDXw2yWcHA,null
ik94jSBlEvfa,null
uTlm2oaBF3wO,null
wFb05qCW7gGI,p5qmKfXujho0
0V2KOLh79doT,Zxe5IgrcaEAO
j8ucOTXps5lq,Kb2ycLReCZpi
PGvncixR3jH2,null
ixSpXfzThI6g,GpnhB6x2HQEg
Qd4tvDNHrz9M,null
EcFQUY9WGwfK,null
d8MngpFXZmrJ,beo4puTylSMK
9FkYCxz7j2cQ,jNrsS3qbiDm8
Us9XDzAIMB71,null
VmZW7c3lEeMA,UvnZF8VI5oiW
JkjnS8LHOPsd,3kBjSAGWnO4s
O8Su6sEU42Lg,1tpY3EXHl2Ae
vbp7hZNSmMIC,jKH7rkG3yAqz
aQCctlAwExTM,qQg8zFcMU7GH
cwtjM9TbpqP2,NK72TGoHn8tJ
80tR63vrUAZn,NY1kTEdqFaSM
K1s0SPNE3DgZ,null
4OSH8utBnRwg,FinrZIl7d5kb
mgwPCXlVMsH2,zhpCB9NZLgjQ
OL9elgBcShQ7,SjCHKnVfJ0eZ
4uSxUTBFR8pj,NomQIgBXxTS0
9dlf1F7itLpP,0S5rumI671bZ
CGkL3PcK2inU,WNgvPh4Z3TaG
f6KlIyoNiZHF,null
4J0w1bBv9trg,kPNf7WVOTqAg
tD2ru97INlJX,LuEhJByF2A65
8uLUvDGQFhYg,XsIZ8Gziq7cH
dQieAkhUIsWg,null
8BWzTIrbMjKC,5lE9b2ueMd0F
WeX63Y4xhJLi,hdB3q4iDMTnN
N1g8CMzdqjb3,Nrl2b6a7SWOH
3mBvlxFG6qkd,null
hX2ZBoupVwSU,UXMgYiJ1bK9w
uOKQvAL8tXaT,null
KmoVx5ItekcN,381GKIDN9pdl
9znCsRop4P62,hQT4spgjL6tE
Tm2Ygx3jRNyt,OqxfChlAuWzb
FsAYlmBd3kqQ,6W3nJ9a7o4ji
FMwD6GSYINjb,L2HQTMaIY35e
n0Tm8zhRQoID,wFSRZkY7lLdp
qUBIo0NtE74l,MkCpasoBVLA6
ANW8qkyoLdrH,1x4lmjRptdzb
HLbWxhXFEtji,OREcSVGf7C6P
tu3Q27lqHo5s,5mUyjelzi69L
hOya9A07xnVe,PqQrk3vSajIH
Zsk4IUfBEh7c,s9uMjAh0pYKJ
YXnROzJQ7U06,null
pDzPECJOynWq,us8U4fOovBm0
3yB2GX7sigxc,X53yxmLN8zFT
IJRpec87h6Cq,ehM52pjnGFub
Wunk0zC4Yr8R,null
vwh4jQendgNt,NYz2LZ5g93c7
LefbJxnYtDTi,otUzXhuLm56q
HoD5ZGyY1p2R,nSuqN2VbCP6A
3fxMUhBisCv8,5k2vbXr7VjEy
Mv2GVpwS5BEf,7oxQYmUPyg30
ex6HCIXMlLD9,null
M6ATa3DVOrFo,null
Q7LdlJUPCegk,WNxM6o4V3zEr
94nJ1OSFj2xM,C5Qk8zxujpv2
FhjGK37ZmYR6,al9F02UrzWxh
Yaqjfycs5DwJ,null
pM4e6qUEx0lz,nz0yX8kuREZC
lKhf1bPTot0O,62QkBESdNWqp
dkybolgAcZOs,xBMbzecNTqp5
lQcfjwvrdSJn,5T4JWl2OV1PQ
SiKJcN4ZMhtO,null
5FjxUKoVP7cA,null
uxKd7BTy4Y9M,7fVtdhnW3HFc
VRG9KzhUXv27,faWOlhCXtY1b
yC15WTFMdw8t,i4aF08jb2cov
fdBLWDahc1o7,FC2HNnE7XQJ1
pFX5Kd0VcZex,NiKznVXaTO1R
XLDAxayPMwQ2,Zmq6rAdVlHg2
DQoR8UJkb7N2,null
1AzxRQWSBf83,null
R2GBKHsFA60g,yslWdV6xr7jL
gfqhZVOoF9ey,qBuMR4Td0p3W
HmQC4d7u9fsi,DNXFBshn5kEc
jQ1heCiDg3wX,null
3Medkv8zW9Iw,null
wgtlZ7LuVpG0,qjLz4ZG82Chg
6q0Xk9NuBjht,tB2pTU47biwO
LR69WrB2z7fu,null
oFiaqOUMTLmE,FGLoxt4EJYch
EbLrUNat48xI,lgdoLVe52tx4
WRY9vmgKfhFL,null
3cQ0ImdDO1NE,null
zDuMxVC2URcK,4ItOqgi9acQY
WQ6tfZ1H4yXo,BAPy4KTtcvf8
JyDUsrb3h1Tg,OQfy4wYPdvlK
ENi7JTnbeX6V,U5zY0rCeNwAM
5XWA0HFmjpPh,OlmkAsMSEf4n
YrB1SPvNUzEw,hEbpfiegAu1U
Trhw8cOVXNCS,PyzkWGKQV4l2
waKYb9LUiQlI,yudkcvMlPKzQ
IKWBj9SJcR28,vrbl61QnC7gw
ySa8UlnNs1QB,R5L3vPhbWx6Y
oP6HNr32lncX,VHPucGesMpr0
OITWeAuiV52M,TXs1ZiwxoWg5
2FAHrQytS1CK,i7kA5hejY6FS
P6xFm8h1yzkq,cgL4J3FsIS0v
XxRUtTIkl3M1,null
bQAqRWJwBcLj,null
t5rjxwZ81Jo4,VYyJBv8Qix3E
hUY2S48glcrG,YfAb6hiOSBeV
dS78h0wlRJxY,GPrcS7Epzjl5
o2qixVwMg6mz,null
Lr5y1jel3HOB,clajp01PZkzn
8bkEnZwz0mRd,null
31n0NdKj6t8h,u3TS0zs9k2KB
sFkxP4qQZGjK,null
kB29gh1G8FT7,xESkdy5qCB6t
EkKNAYfx0XjM,51RQILNFjWmS
u0CGINzXxUfV,g48dibZ7PMzu
kM94uOoLheEx,null
8lSBF0gjP2TJ,null
2tno1pV70wWd,jfMi3Zl26Hxd
Sh47YJ5zqgAj,F8idKwxAV5Jm
hQSoW1XOf5I2,bfJmOAqBlSrs
4Tb5OEPMkGBK,eKmAo8Y2VcpG
CHrW1TG6ujQc,null
ja8XouLeO57B,tQhPI3NaWF7k
V6pg4odM1JkB,null
VDlr3hvfSYGe,vZxPUozFEOG2
WX7HdQelVaKO,1Kn4IVa95USw
FatGE4KYWoZD,MBIFejLnJg9V
cnzNRm8QytLg,EcnUAfvsq9uB
qNx2kMiAgBXd,7mZ8oxcYzS5l
hsVumNn1Yo6c,sHJvaoerPgDX
YPSWm6sXRIkF,fctdo5mXQWeN
CjV4rBlLNknm,ar2t4joDdXqR
nxJOCoXTgSGt,4IocgK9np1eQ
6j7QNUZ8KY31,6HxXhotzlkje
yhfacw2q68eC,null
F6iouHPTwUqx,yqiUrQjtDzJK
MmbsTOLeS5CX,null
g7bmeaTO0RKV,tuH0NVTrcQKx
qo6zMi7n5fTK,null
eTRGbzL9Ys2j,null
NO3Dw5GuYate,7R1XnWgbU6ZP
tgJwP1TYUGnM,null
4nLYUFyJOAtr,oI6f2FjslJY1
d30LgSQyjqeR,null
k0QwsirBjKo9,ljLzvdSe1k9U
fpG4U23qSE7l,9OFj4AeBIgwD
gGpA0fFnQsjZ,LvUiXB5Gb89h
HXtcqYEjQgmM,AgX3NH814Yrb
0IiEHmhv1WeA,0nxiAsLICSZ7
4kmeRyBcuGVn,Pte5V0zaEvUc
7B5YxHMdpwRC,6vHt34GdiTjZ
f1BisoqJMZPt,null
7jFbzO89tfPc,R0G68pmPothr
ni19RACU0OqV,UgCiyEdkfAY9
XFpZeT9RNMQU,null
G8pcvVusOKF2,KVSMkU8NXr6x
gZAwtRV9GxUy,zKjmFL0iDZ5n
I8V3Din60Wlm,xSpKGqYdtDm0
yRNeXADLIgc6,null
FDx90R5CezV4,null
koEcGHr1NvLD,iCSy9u1EGRNw
5jaeZp0zTvox,6aG92fZBhCMr
h6Gs9HKCIZw7,tRvAYI3PBqfK
5kZmheBn4Y2v,nrvO2HqQfEWG
ikY8PUvQeXwV,sdEyOF0NKWlV
ir78xIGDjMds,Fc3tKXCB50Hi
1u40Gt5OYiVH,null
d6RIuzZ3JlgU,0DMYKQVAfyu3
cQUh9zANqJKM,null
f4a5m7wPKd1x,null
ZzQa7C0exIWl,null
eiJO6kzWGSKo,qDvZu9XCByEw
IGRtMgcboB78,v2bDx9c3WoyH
1zhkItZq7VTf,ftix3evPIoqV
kU6MxZS048uq,IlUekVH6YwnL
nVWMKHLrtEaG,YWvHc41jEZGi
9PjYeLwb5DgT,MQl1ZScwYtuE
ckt1UM0HRXAa,null
8i4kdWBgrjbt,null
RQ5YHtC08NxG,null
7xw0c68pEzno,null
jL8CZpt4i03Q,QBDNOp2naTwZ
oG60QPSfN7w1,null
A7FT0y8lOvSb,null
G8YxbZq3ALau,mfNC9YhOtIxF
FXqiwTQmNDY1,null
Lci15KRHk8O9,null
b0o6RTB7jCaS,null
JIES8yxcaGsb,NbGyBAMw8cEU
EqxFD52SbCiy,null
uWp0T2vborcY,jLfOVBSosQNZ
aVnle2OyFvRd,C7SxiaMzIRy1
SuZn8UzbqGPQ,null
QK35x1uBUlyZ,null
7IkX4fY2dV9t,jvXE9lJBL2pb
B7SoXULKMYeI,bIy2MvncRE9O
HXvhlPxg6Oyw,Xje8v0R5KkGa
x9Alr8pTmOCy,null
viudThRI7lZx,8XV0GyTH5p6K
RLiTNG5oXrhH,null
dzO8PstlnLNV,89x5uv4T3UXm
8SBEgOmJusyP,Iwgo4OzJN2cb
3tEUuCinoB49,7xyW4KaiwYbU
LayVX3nuIc1o,null
5Qroky4lBZh8,K3BIiPfQqJol
4QPG8ftx53nL,null
hpvQHO4PsDb9,null
ZwHuEXkpl2dY,null
D7mN2ptYToJH,LJwX8rOqClsz
7zb8C2EPtquX,SMpTFgoAhk5E
lbB37JcmTayY,QsLihNonRxzZ
kvdnGqHmYE9W,CMpinV0rNEJe
onG8Kf1s0hN7,Bz93j4c5WaAD
zG8tpIVNjqew,pMW8tNjkSgws
WfkNQ3gBoYKz,MLTRnHdPvsO9
jmDJwYeH5ylN,null
qjPK9IeOmYMX,null
VenSf5I8vGhj,BdGapP2rqb3Q
9tiMn1lecsRZ,1fL7sMh0w8Na
LHFfKaMib43u,null
ms65NH0RzYuC,NJZ3fHEwsL7l
kaclhsnRK84y,null
fg6OHE4uv7X5,null
Th3DIZ1u50aF,2sX3VwkURQPr
fzcyWk3AUxwG,avRImDFeLcy6
rkUpDWQFIcnL,9H5UALvqGjXO
U3ZNXqM0mu8I,null
79QHEXu1W4qf,null
I7sw54VZzvBT,2lMLT6gnXkHU
JoqOuRZrhWey,null
4RBgD5z3fQlS,vqA8Z0CRjMuV
9mKpujAY3CeH,null
eVywn9LzlFsB,sgYDBEAW90ke
wu8XUsyzCd0a,rXAy4OCZq3YV
8QRtcTzNWeEw,null
qwLsAncVFaG6,Q2e9WlSI17UG
xI347f0i1MqX,null
mvF3bQApqxYl,null
BQwoNYDVJLq5,pAUb5PICDhVK
zFSKxCAl1Uto,7LVYmlEZWu1C
LCWRZTqGFM76,1Uzmr83VoS5L
qxkwo52nb8Od,kmnbApF9y3OY
LCoeVIgJEfus,BwtDU58ah6Q2
PgGaZQlxnhmJ,5kOJIFCjhxLg
s6bjzuOGfRdI,stwHKTjfdR0v
zYD3WO0fNtLP,XQGHWutpy2b0
DX7hvZIr8iQd,XSeDWjIoO54A
hYkAxPI8QUeq,GE9g0vnFNutq
ztdhv6PNc379,nBUfzTYQkeKW
9CfRcbIjNZ0v,ZAM0jFEpe32N
6Mx92p8nFjPC,null
Xk6HOEysfh12,JiEhcS1aNpLX
E3GQlc1AXehO,tUX4vBJ89Pgn
y0FH8PxCtZln,null
PGK7yRaDIv9Z,PgqK2jnMCysS
27PIh05siTFq,XcTht8ZylPa0
FiKJMLt2z9W5,rdDAjs3zMKQ9
mrewkxq7sUD1,6fnd4IJw817K
KQMn1XW02kg7,null
lkSP26ngqGsR,null
uAnsHh8DiM3C,tc7hvmsLqYpS
yRWa27VogAZD,ZyJ2PuK0vV8D
dz1BsCWKIZtc,null
HAeB1uPCraft,null
heI3WMXADtjR,YZct3QAnX5zM
z8cRs2iTWDIb,nMFPRYuDkxwE
RG1pVgwKsHba,null
1sQfruWSDMpz,null
75VAGkKPNMTw,null
LXGHDbSOyZ5Q,xZ3b7sawApmX
0geiDZYXLyb7,null
IjXD2O0nqbzH,null
PhgLuQzId5ZT,null
7P9vyNpg1hLO,null
5hx3oZJ4aNA6,null
FI2b9BnMpycK,null
084zNqYpE2Or,null
RB6DegKcdI2s,B1OgwM7G54dP
K0RfUT8sL7Nn,1sl2XRufmrkK
ykeJEIwxFXus,null
NWTtCaz4rVAp,gpWn1v3lRCPS
AksoKv6j0YtC,null
S3qXasle4iE0,2pIc36NTloSe
ktdmfw8aqNEi,CsBFe1ZfQ5OJ
XFmMwk9f3Y0Q,null
q2N8V9F5f3Kx,7bBIOwNGDLPV
T9o4MlagmAy6,null
JScxU5oR3YXv,LQriJSkt3AaC
ZCcjlmhgu7oQ,null
3yzrMT9jsgPZ,null
jMUu0KqvIFhJ,yshmL0jcTYXq
2u9kz6tHwm0b,lc7IkgAM3POa
KjLgy27Maxiz,S0KMzGYef6Tx
rcgq1seVh6xT,null
npKPCQIbDag6,Sq6Z7Ik3GXts
rdPqNKQIa8ZV,loK36aBEnArF
OKBZp0eMJq5X,KTh6ftPyzxYa
1JUIXB7P3284,T74xcSwYDkdQ
8gXTpiC4aAsM,null
nIbMtS37RvVW,2HTX0Q7jSoKl
2SZJNLeKivC9,AvVCSsW4TBmk
0ObH4kwXMYsf,LKbIFk9niG3j
E1a7GebocRpH,fAudOY9kE7SQ
uwGS1Y6xM3RE,null
WPOZiS61ewVI,null
a2AlHxqfE18Y,cWUmfJZTirFy
gqlNi7Wr52sJ,C7t21v6Tqe84
vAUMXme9jQuE,fanVyPLpoNER
9NExVJmwRzkW,b6SUvOKJwfIC
Lzc5viVjHoXa,null
VWU9CyBZk7M4,null
7HDJdWpZMuqY,lP2LKHrFkxSh
sqOSw0dJ2vLo,null
xDmMiA7nqSwv,ICr5xl6cLeNg
DI5KY103MgwN,BiALPYoWVSal
CP6OFd2ogJap,null
bQ3xzj958cJg,eCJgkWTnzcMB
VIuzj4ctZiea,zg273VReYjNu
GOnCHc0FYgfr,8dLqFMSiPaXh
NnyJrLp5Mfgs,n4Gd8swctDgm
qEVDBNgXaJps,null
9dMnhp64uUiG,FKaJLSplWGfM
4kdc1ReUOWw9,null
on4JbOCkeIpA,atysg1crDWzI
QzWTGRogFLU2,tb2MCnGVjLUp
t19AsxzZjDS0,null
DjamI1SOYw8Z,Uh6Hs8o7ON9S
QavsShPDuUWw,x13julzBtpvA
qU1wW7F4tIfr,6NHyPvh50Qxm
UNEnJeRMpXBA,QuAzjaEU9254
bZSv0s34jY95,6hZwJzyiLTCa
n8VEcLrfPxtm,talPIhQLnf7M
1rtEwGvipaRY,JREXAKMQrvfb
5NQfxAz3IO8e,aHUP4fBdjp2T
x9dfLHklV4N2,OVMjW2NYQ6Av
4oObL2vgaMle,KzQq9TvHGDu1
GXHPncLTUxyM,kXAmoQDZHedW
8yVuQgCsl3n7,uoTaCJWpLXnB
GoCQkZ89jTcn,H5DMxUYt4JBV
5FCUIXNSQd6t,yVpaOg6YjG2l
cAJmCzMnqT4o,tNcl6qQEGg5p
R80kagYQI9cZ,KPMd4lChfNGq
J5NnPVqy2Or9,W8uGxMgSzyEd
LIKwAtjZm80X,9BuvTMlpoCKX
5MEeTxpWnVti,null
UhHFSVG38m5y,3pbxSG8wQaAN
O1WqasJRPnQe,i6MRnsP29QTq
PUoBzr5ndkeK,null
Mt3qL57mkXQh,zwAun9gM2WHq
fdV4Yv73l1Da,6FOnipsTBS5A
spGH28xBd0aI,kPLfAwvlDQ8F
Q9SLzlmsP6GE,hLRZguKzjJrI
Jsc9AaHXSf8Q,Z7kOCEJUTi4F
viTL3kG4HPQD,null
BI0Yo5C6PF1r,IY374K6HeqEt
FuwgQ9JWnz6Y,null
cRlqzdsKvJu1,g6cAhL8KoW0D
lw71esmhzAL8,YZPeqFrRXmOk
ULcJ6N09ozgv,W45XLpGoBu1k
D6UoVQv1g0cX,QHduq3AgSOxB
EvkqQ38xVG0n,xPtiFTbLcpA1
CD91yZAv0nbl,xgOFbpKGorkD
ZtaOkmyqx1Fh,OCKlbhkxJPFp
M5VJwXWAFna9,null
J7LRKzwnUmZD,null
siDmHjGKEUx5,null
e7K1JoR865EC,yu7efriBYQUR
52pRA0vu7Ix4,null
1gpuOmt0k2aW,4T7gitn3Z5u1
jJPOioqz3mUy,6Tqmes4BiAnU
UBkLhSbpR9PN,bdXgyNtzlG6M
C4tKZSAVX72k,DRa1z0VWOIUy
esNHgm8bX57R,Ho7fi8c3aPEM
NdcmJ0MLoxCX,null
m0CGeNwlUgqD,mMq1at4gNHCs
QVt32gIBy8i7,null
oB4KUJmCtVcp,LfqzOd59lFkT
L6wxKIDvJU9i,0oVFlEsdym5S
Ql7WU1VkOgY6,null
7yLpqf695Iw1,GnZ5PkyCvDqi
WpSfLsuMnmCk,zLuEbyTR3OZj
ZRBXvYuKVUA9,j9muM0yJBiq4
4VQPuys9ce2J,null
gt5B4smzXWTY,null
mACDG4pv8hiT,null
9XPhQe4YDZfo,null
tEBCv5fdKch2,KcntTQLJ39ug
3OMfHPpXtKyq,null
ziHfWGE56Tvb,sPGeTpHbRNat
jS2PQ8uAoHfr,null
Aq7d6JctPV15,lv09KLZoxgIN
yhfUQcdin4sN,XvK6m87ZTcIe
dH4eA5m1FZlv,O18t5mDqvSEP
xQ7GF1XATaqH,sbeuLPQX1SJZ
bwGRdkx4IlPV,gmuGB4iLlXNa
DEPxB9KIqrWu,p7XLhAiuVIOU
O01Ddr8Sbakf,null
neiK0GlphA1v,TmvGqY7ZoDpV
2EIYZC179rST,skJw7hezKF8P
G4Mn65b38URd,zX3QVYEdMb5p
EBy4a2pHjkiI,yYwapUW85IKx
0gfFlxUNcD7Z,fKQAB8yrGIOt
QkxsPTr3w2Xm,NbPmBpoJOYe1
gzD9wTNrneo3,e36rx48pQust
jLH8Fto3mTaK,1dHfkyOXw50i
X5hwsjpWDgZ7,eoTiQkhpbAm4
23W6VqTbwsUK,M3FpsPSLBhVI
FNA5D14ySkw3,uIF6ey4gpkRB
0b3UsgMpokrn,9eF6Iz4MkZQL
tBWjdkMqmUcY,afOBhVzPiDxg
cP1zUN53B0yI,UrV17cdz42nB
2VRM0OBtgpec,VrQpazCJIu23
KC3w5uGtgeHN,null
GCkZr834W619,8HJIv4EZT3ai
lbxTMk06BUEj,null
nLS8sUYb9e3H,ncEDb4vBIOer
pwZmITjgKyAn,null
lK5qwvT4O7pP,eMk0uFNV4ZpX
sxlfZqrUOwXo,8BOs9aPeAHo6
lM69Cwi85fvP,oHeDwaJrnqmh
dNa1YjUHEiAt,rHncXpSoW7d1
b1JUXn6SvpDt,4snRLP08D5W7
STBD4WqxeAiO,null
d174BrwiLcye,null
3oN8POvVZdmU,tedgZJlb6wQ7
32Egd0kiYOW9,null
nMywABEeJCrX,xQw1cWo7LC9v
vxHbhd3SVBkj,OL4GRTWSMplF
qEc89rk6JnFt,8iDrc5UHIS3W
MnvPNZg5sBcf,null
5027Qhqu1kEw,BgTRMwKIaC1x
720IaTfZwDBj,null
UBQ0mIafHCAn,2dyqRhw7nsPE
GICUwKdAljuv,null
6Q5IqmLjYX8W,D7komw3T0zY6
zn8waE7BV5xH,null
AhtELlbiuUQe,Z25rQXYWxnLp
ZCgkKstd1vIG,hBg4j2SQHyTf
j3Zp4bCULgeu,2JHfRiMFvQGh
7paJgzhb2NZ3,l3k5W0dHcPbK
ft0plXeE67qg,null
SqTuoRj3H5l8,8UxJkXVHhZgj
IVnEKqYFi3HB,null
rb7UdNlnqA4W,4BFsT8R1PWfh
jaRyVYkX0C8P,s4WxKL6liNQr
47QMA6gFmNxY,SNeFwzIZqHUp
PdBUVCMQ1JSi,null
zAaI89rZFvbh,ctTZj03sUG9g
36iL8fRIeFn2,ckvt43YxoWFX
JqsE7XQHRtYP,VhT3R41zJXgB
Gye1d5xNKhQ0,29lJLPxkZGdf
F6Prg32C9VJm,F6xcEPGHVAJR
F9xCvQJnDHr1,YewfExldB2ja
D82ScBPeuAWI,jlusXyZRH2Wf
nsX4k623lYQa,u7N0XZTKOtbW
ioGzytd4BrPM,KqAwMWIZfyub
HXFdIKSlx6g9,LjkFzxKRN6c5
vCRzr1SENw9A,oRJT9hGYAxMz
zq3p1Q845YSJ,ZsCGHSjTaqtF
nRYgp6x5moKk,null
WDTpPKFAcg0v,W2A8sr6vSV1j
cQxFwJeZBUIi,aGpq5crKYvQC
WDITo4SmLGrh,zxXRTrfkeZgc
eBslNVpAHnrW,erO8hqUKwV1T
2evCJFh93EPO,NW6f0UuxvoTt
gtxEnhOqWYBS,houXe49vIY0C
AqoOSrjCz8U9,ITtKcobAxHDG
zaGLAPNX4hnV,Fef0c9wD7g3E
WhEglsv7DIPU,JCviFyeDgjqr
XgUY4NRlekf3,TfVo28QZNn5b
tFT2Bi7dbsG0,null
1AoVgFjsypDT,null
qEIWFH8UKin5,UAk0OlKtENIs
bV28I3ELzmcX,bOznBv2e3mG0
kZ48X1BxKcsW,null
LVFoPc16EqJl,KJdnlGu61Pyr
xLeiInqjMWY6,y3CkQlgfo7BY
Iux0SNXCA1mK,8c7dANSnCmYh
85uGt3HwegMk,I3Vf28po7KtA
W9kuBldyiXo4,RLp27nt0ArhJ
zYOWsMxl3NtD,null
iKQwSHnkT9XG,bJmZlu8NArBD
Ow9Vbmh1c5Ds,BtPWK98xwcjE
qj1XwOSlRBHg,jZYEvB7amVQP
3ZvaNdBF6sIh,qrSDU0EKP4wx
L6ClWpaN15TJ,fHSldPXkoeKQ
DqOjUSXNmvTL,ocSQVmRnyGqz
BW4scyxapeLT,le9zP6F5gmdY
Rk0qGiz4BsoK,540HBufsnqaI
Y9brnvHXB0eT,6muqocMaZ2AX
kovBScO8n15P,JRl6gQWtp29c
1xKm3Hv9UhdB,0pCoaYbX3DZE
VUHwuRmFL0S4,null
wjS6kQAbuT2V,null
PR739xsiSmeb,MLosWH6bRp0J
WKrNTOjUlMBx,NCyDBcalgKmb
Wobu04yIL9GJ,null
6u4y5K8kDvJG,byGcKTnOIkSq
AtTeH6VCn4ci,null
ZeRVTItQSm2D,rX0W9Ff5dDt8
gA6fLzPbpTWr,1rQXglwHbLIC
J2bCI4yjkm09,lUdbPQFHJEzB
D5KUygrnPhZl,JDRGHn7X0rdw
YSsRMB78ePTF,null
fw9NWiu1IBCV,R6tCOMWlpzdo
U0CGw1igmsdZ,oacILeDCKigh
9GtEoaArX0Qh,NoaCRH7IDnA1
QKZ3zoaN97iO,9qoEJKCPaSNU
uOtk3iBbZG2F,DQ9VOKyY8Gkw
3H5rP7a0NeC6,ESw3iQP8TekZ
wUHc8JF0jTXQ,null
QF6O3drlJbzo,null
NIqQB1ad0KtH,SCmWzub1iwsH
rQoYnbDfTkEO,tJp1NPVnj4su
aUcZWj8PykIR,nIHWgJ9t0Ks5
ShXsLtHzUD7e,TZdypvlin9x0
R5aMI4J7fsUE,Buol3IpTwbEx
jQH01eI7sL2D,nN3LmpX1yEzT
zZ8S0dGkEYet,null
GPFiQRwcuBUO,null
fnrEcXjVHhp5,jkXw3QqHyKzB
sZFheij2PfJo,RjoZH2dYD6h8
bSvqaAjlzXpL,RrgbTDSyIQUJ
BVr0yT3ip147,null
GbJnmUZV3yah,9dqKzaOcBjNP
EsghvHlyu6UQ,VWKNBLdSF8gw
T2PS1ZwfXY0F,i3A4pxl0Y8zX
PHYQ0d4M3x75,rSiVuUBnsc26
X5VBN6Fwrnl0,h7i3zfJA1yKv
kWdJC7em1KPI,null
31lpTQd0tXPG,rY8wcJNRjZlE
LvPV0231JWhR,LnXS4hgkaWwv
PqBoHCOuM9Ut,iEzK2kQVFWXY
CqazVyr5Bc7x,7XZToPR1N2fv
poCQZzeYDROU,dzxg4aWnkMCw
Wu9aDijbFB3G,2zx0GYH3oc7s
LYiwoBWk6hzg,V0T5NIK16bQA
MUzSLx9KNkOg,7i9lYbBopcIf
ulqe9pk4jYFy,T5BbDykru9jY
BbKmlrRhSQgq,xPFm01pL5e7i
7qaNvABQsgb0,null
Lm4NuEKrv7DI,LfNnIigF75JO
f31mhNqdwFli,uPKbXwghzDLS
wCjJ0ypGkRm2,7c3lvek60AF9
x2Pr8w0IQyXZ,oCB1w7EVeIY2
I9t2jSW7nb1a,oXElMfYbFiRy
bguvc8VXqmp7,VXHA7InBjPx8
jFO2Io1H5ABt,G7Y4pv5kai18
ieNJEuFpm6BW,null
xO9vWwrJQmX8,aYlgsqVbUutD
g9zBuvCRxyI1,null
ByVPFTbf0XHs,hyS5CLot0RFO
aAWHU0vfYdJp,null
U26FRWn7rdLw,tFaY1EbqxwfG
AyfJWPF9tCcO,JwuWtdpy0Z8X
DSIdPZyEAfJv,0DiOdC8VpHys
py3bvUKzjY0c,0p6nJyVlf7Pw
OWTgdbpsonVI,null
YUovBZF6kQPf,xOFrM4vJfgNY
q56mJHXIua1w,9Uwy8oQYAJ32
35fqRbhwXkvd,null
fV2w1Z9KDoYU,null
N1jfDL47rpHn,2bfRPB7TW8nO
kGqpFh78eVuB,rH91IM2tPEv6
wOcmLHlDrxS9,yIzn1ev9UEF6
xVhKW8yoRG9P,StaQWm5KBg0O
prlRvTnM1Cdb,r4BTdjKJb5w1
tc7pmnOgEsji,JQCYdj14kXN9
ScuQBpkIDP1V,nd1XPp6rQFOj
2GcurIUSzbvh,null
tklcM9XbVDNm,52NozXlcwi93
CR6jASslcuQH,9y8YDUjBzNiH
gFI8Lzyp3u0k,Sj4lUCzO2ray
CS3jBkWxsqI8,null
hGtqF5ZSgBU7,8KfiG3yaxUZJ
rKznm0sqHu9L,ICMyX3d4V9qO
UzSDTBFWodcJ,b1WK6U3pFYQJ
D47nYHFq8rOM,QZliav9p3gtU
aGbg8tPsdhmr,null
fA7xBUkVlg2C,KuYk1bAmslx0
CkGQ4LrVa8Du,iFkUSrQG973b
9cAfyWigrFNQ,DPwVdSMqb4Ei
r1m5BpQCeX7A,jugc2ZOYsPCD
Rhklx5QH3C12,null
uJtfZw3XkP6R,null
ZnS90qbG7s6D,null
7aJmUYbPT5SQ,jJGcZLw1vTEA
Gd7cZCx2M6zh,PKakqJx9GDRX
7V02tMrIaXqC,null
gKWPUs0d4G7e,null
5uXO2LoixdpZ,G9Xz1FKiL5Cw
HMod45zYsu98,null
5pPB1UqcOhdt,LidyKjeSDAo2
Sy6L5AphflB8,null
o34AGuaLN1li,5xkTUFeI9JiG
XVjEmiSOUvn8,null
uWpV4X0CJqH3,null
Q8EY3eCRV0Fl,zC2dq1xnLRuN
Zyt7zYXDTK4M,bEaICg89Zf6F
AVNdUQypuZH4,null
VP9NdoHGqOWf,2sCt0mqPkAbr
6T3N5QkPwrFs,ajRkDgOlYTbP
9eCfnkBuPyl7,w7nLeEbySxuF
BZNbcjrQJyuW,jkpMVhuyBdgm
ol9x32KFrImP,FSrxfD6UKIcm
iHUak8CMNcwJ,null
6U9NIyzpFMmn,nUcsStu8b0FC
ne2o0qszMpw6,null
Yw1ZmytiuqCG,5w6uPCxQaFzS
yTxhEY8njIg9,LoF4hvBik28K
qPDAWvJx8Qnp,Zjw6NS4VyPeK
ia1RKIGQTNV4,BQgJV9NeO38S
njvqsxLkEUti,null
QysYIRj5Nhkc,null
bBl3ZJSXGf1P,pueAyloTZnYD
z9ZxmuJUqMWS,null
3XOyrfF2I9Mg,dUP0NxrAzQln
xuTBIFoqrkCc,CUnjsx9JSDy4
q1jmEsNVMhWF,KJhC5GZ6keEy
jxtJpYorXFd0,oD6J7Kr4d5WM
bUx4TmjWiGrZ,null
7lwXK8REUhPz,null
2v7nKUVFsWDy,EjobDUz4qOuc
lKvWjh83q4xO,null
zW4wdj3ZDfL9,0huw9F4CpOtS
FU4vLjiADwu3,ZAa9nI6zfJPV
ybHXfQEsmS34,SphdI7QsHxOr
abSQKOFtGN3A,wLIVieJ2Rjpn
5FhBN4LyoZHX,4ImEzh0AJkrM
2ERSvXcyQMUu,Nrq136vYcDpb
KfmBzbGFTLAH,null
vEqXCJozeRiO,X4eaOPS7siQu
MuVFXv83wBpy,GN0oR65cw1gQ
Da2KQ1yglVvk,YCzG97XLEMRx
DoeuZiQJhqaS,lgF5WPGz8D3t
tjnvR5KfBZe9,aeCV94c7Oohq
pXiu3TLyJ89t,ZNGyj7Jq3M8K
QPupkIoZj1xf,null
3cGzHeMBmfkx,null
b5ipjBYvXzau,null
OYm3L0b1lqyD,3ovxc7PYlKMB
6qPnfAywZHl0,null
krRa4Dd35o6j,null
ojEMgqiCtHx1,GuRmY9kzwlKa
mwepTn9gKELs,Oi1T6HJxusp8
sBf3thKQ6j1R,null
rRcClWI2E3pk,bUhtKMZf3Dy8
o8bJ4ipQFUME,uAsYx4mZBQ01
AvtzkmuL1O0p,nOWAmuEtbkxU
gOa7KqN2uRJM,u9JtSXTGV5pk
KoDJSRX5ljZ7,YdMqp0Pf86bg
IYoB6QVfEAiK,mVHgsuL45kbf
ric5hbJLkVYs,mTpPAtc9ZNeD
5TyoIzWv1qSY,pQ56IL92ZXW3
bzK2dXoN16Cx,null
I1nM0COgT4xH,5MZ8eog17VDO
2arp0s7VIPMf,mhRGb2FePIyE
MhPJuEr6T0QC,fpc4z5SXLZK7
GZc2UbFkrKE6,qRuJbxkQL7Y5
5GyOuPiIfa07,WICQ2xwe8Boq
C4LsjoVf3Fbr,Jrj8BIKzEtUC
5E2lsmjzIbYQ,8XetubUDjFzd
fykbxVKnPNwE,urM7bIcKJGfR
i1Ou8L367oqA,NBtCL6hdE2nI
fgyEmSkoIa1H,null
wr7XLSlEI02G,null
xn4vgNMYfBmH,null
fNEUrSFWR7qz,upOcKS7ZayXJ
qo7pGmhjXgaR,JeTFuRUWQlog
RfdSI89oPvrn,Fscr8uWypnIl
2XByx8tmigNY,null
TQqofzWs8Oir,rFN147CBPfoc
fyndzERm7IBh,9D8cFEkdYb6f
IqVdsBl9hQmU,81WQwP6eAr0l
54SKqIT8cedG,VcInLQlKbEsj
xgrTjiq2YXDo,i3YlGe40zPA8
homKCe50jO3v,nd9foX8TIj5Q
znSfUYoIiBVu,null
WNaTtzLBi97m,4jnJ5C3xZXb2
JnYBb37s8x9d,H5Y7txly32pG
UL2YFod5GaP7,null
Qid9JwpY4Ict,45mbENTOBPDZ
dFy9TMlArI65,ugzsYxfHm3at
VgdjBZcaTw9m,Uh7WXEeJByI6
bhqrREdZVGzc,OEXV1zthZHAm
2wM59ZcAbdL7,xR309i7cvsEl
vxfajRceBbW4,0YRi2e1ITCAx
n3QmYItEd2Cf,046Jpl97WGmT
HfAlZ14xPiW6,O1l269yEvSCg
rfHxDbdkLRza,mLlvieadYKC9
fOiIMTdUN3au,ZuoIEgxcn14B
RXknq5SwETD9,null
h1QeNaJZMBHX,null
Kv80RFndmsB2,xaKgb6YfvZ8e
FatGgHMhsXyx,kr2f64RHoBKj
kK3RfA64XLvc,IMVmK07PxQdj
IoPQyEquJFv3,QP6DeKX1cLnp
a9ufPYlSb8U1,aZHdnATWY207
GPkMoNWYTJu5,b2J1L7geQuZp
SysBVDQipKFr,QimfB8sN0rGX
aLqYcb48GlPz,null
A6hPxHai7Zbf,oG5uWATBEV7J
akp58Uiw6sRy,DW72R4Fgdy0E
0fBzlsu5rRyc,tr6XVkYsOqaw
8bFZ5IfWocU6,BfoYD574gTbQ
wgsAukya20xO,owv4CFJZ7r2D
u8bdYh1JZRoP,QXNPHwM98odm
hbOSTu1oENvQ,NAWtBEV1wn6T
4QGelInHDFVa,b39TnNH6E0xv
eUnSvqjFHNpw,FcUGSbADtxQL
R1V2l8CpxrAQ,XFKAZ4aPQrtx
D9Bo01jdwGLa,null
LfDyUNRz7ehl,null
y401Xm38GwbL,sHSuLqF32bMN
wNrPl1aJW2OY,null
xQevUbV981fa,rVcwpimI859S
bjexRvyBDSYh,jBILNe5yaTkA
3voShNFydipf,Ze6TCOiG5SQa
6qn39kWaxiuY,HtBh6uwfCrLv
r1N0SnLgdict,MTK5GlNWasXc
P8gneCYBQX4L,null
k7ptyH3gXcCd,null
cpTVudkOGPsv,zDQiCaHPNBtE
g4v20mFkQzLC,cv68ArUTEhmJ
5jGD0kinbMas,c74StwKm01A5
EqxWLy61B7Uu,hSuZtp2Toylv
9cYDMvZILdTg,rBIvycpMiJqS
mLrO3RPzoGsj,mQqRPiAB5ukG
k8ByAJmIMRbD,kTpnIKODzSEa
5Y2klaU1QsWT,IKR7VYxNJC0Z
PoNOAfjVD0cU,8vYUfGSEidH5
Zmfv841aVt9e,ER4bzDfju7dM
MejIPH0fdDGW,null
dVGeQcLuSHwn,null
SfpFI9cHPaqA,tNEeYnZRygHT
gqZUOn0e9vby,null
dKJD4n7I6xtv,null
SEDZ12VIYcui,YMHIOoRjUwqs
1fEpslNnqLIV,6YmsW0Ku8GtF
6sDmHXPgFf8c,null
tEzCeXA1klsI,null
cYZM9U3li7Xa,4WmLPwCgklpd
UJSXy5zvO4rY,MjUuzFTwWJB1
1XuORxcfrANs,null
W4kFyzALJQg9,35qoDM91etkE
zHcvFN6mywdl,h3wnDLAZyUz9
I6CfS1qu9TG7,null
tid4FCaoOqrb,T0b5Xky48Wxe
D2ltIS6VLvJ0,zI0mMXkTGWgt
V3CztpQnYRkU,null
MIXJnOH80WaL,DZMTkaKIjhA5
UuG6bqnAfgoW,93hfWt0XUY2E
n39UatgKm6ML,null
b52m470rAX89,1dAtEY67Ze5g
tkr5p2RH0QuY,8AiGnDuaMqIo
ESMP0tqlveB9,6RPIpXFEfwSu
AT39X5dYy47l,tabCVRjBSgvf
FfBtmRn0Iky9,IcMwpBAG3uSW
3Xobe6ZutTqQ,uqDArKvSL5NB
PGRqxNkAeyih,GP61p8eSxlsZ
4R5lByrzuI0K,Olh2knoXVgBK
sR1NxflEqKHd,null
Tj0rpIN5PzwG,9oSyAgPNUdiz
umJpNP7cynvf,98BYvnA6Rr5a
Ln9OPektd6ix,null
IOi2AzPmDBrW,TWZaGgcCBnrs
Nicm7TdA4LPh,ctb0gLZqI4yk
WJa1EDRKvohQ,tO8ghxPn0uB5
sSt1FjapZ3JE,xGDpruyJ7njI
LE5BOjFN67To,BZCihOQNMW89
o0inzPHtA5gY,null
BtuoCrKN9gLM,null
6EWhgweStnux,null
ShzyHc3abf7r,9dMNcZEketLu
0ndDG1uoTQUC,null
7ZBsT38SDiL2,SINiyqRb9hYT
pDGRd8an6hHZ,uBW8mj9iqM4a
StX1g0GoquBh,c59Cqbkoz6Z0
uY1a3ISCA8rk,null
W5IslT7xw1Pj,lzIKR6h5vZ9X
mxRIlDsn0C2T,P3a2bwkVeYr1
T8NZFPXVebQw,zJ5g2TW7xsQP
iaktTRNpoIUZ,MqZVswY26doG
mwUYeCVRbhqn,L9Qr41A8Pb6p
8kw7hWdjBiS2,Hl2zeUuRvQbK
FBV5tm91RAuG,null
H0RcFgGYLoAZ,CRSq8kJW2FDm
13LXAf9BsVnm,null
04527qQDBthG,null
Ms8SNcR6qJaQ,u4a3IeUzogFq
yjMYZgdh7iTe,CD9nFGEs3POQ
rfpby7XZnOMB,Vt1aHJ7cBzM3
Nm3ZWhALPdO8,Wax0ibXL8kw1
oVb9IwEc021s,XfUzJv1iocp0
sF5mENe4b1PJ,nkRjxIW3OTZ7
5Q7kFcemqSpn,null
i5XfUJW6T9Ra,6eFGz3Y04Klo
XADZUW5Gaj3f,4rnAzGplVJ65
l9IdvSXzNEFw,v2wJKOxTqfyb
xSTDoPOiYn0d,9aSAgj0YrOm3
ByOWo9kV4Snw,qe0R5mGczQP4
MpCBiGHWd8ba,geHb0aGOc1Sn
a1cwWmU9E5nf,seaQx1IC4iXz
HbP4WSXKGr0J,SZbjvBFncK8R
yChxZ5UFRAXr,jQWOHPRf5sZw
hA96320mkKU1,2STfO1dZm0bg
pD0IhM1XLva4,oetrV49xvuhl
2OS4AgdvJCI0,WHJRyUf2VDXr
72w9o50DsEmX,null
jQYrg9VPEfGb,WGS8DxEJtg5H
Ph5iQkg0173y,null
nbkCTm8eI9fW,bNH2L1WGjOB6
JRrVGc1LiCvS,9DAgBTVSkNdO
ufUY6IF9Wqah,aUlxdJZS1zTO
dxFzRbmhpyBG,null
iwCqPLsDG0Vn,vxSCNIYWKm14
46d9yJBrXWCD,q1TXiuRkb0V3
6F5zs9DYLmv3,null
bQw0HAPcl4Xu,null
M3rmwNAyObTs,kYLh0B2nFZC4
uAOSHKgzXjGt,AlrbEPtwaTvZ
q20XZBaURGwi,null
uJEkO9ANTmFi,null
2sxXat9ED1fN,null
9JhQ7djxXguN,LHdIcjriGh95
ud3tsDpOFAvG,gia3IBukLDHe
Lhe7UtsygEmu,pUJHSPRqYfoZ
UQuwEdAP7cRf,vWOwTBk5K0j8
Mv3Hbp5PKnUV,FNjKX5g39lkd
lnKjMTW95XBI,B53oZHV9j7lt
XpuwUTdxEIfr,null
qfyF2mKA0OrM,null
n3KEIPO7C6yX,SLFjtd2XnJ1M
qZYCMpBLJGbS,7Jj6Sbr9um5T
6Fwd0a1LfNlV,wkWZLxDa29PV
8yts7YACnRaE,0NraQ1VTZw9E
5yrC91YFEXIH,null
P0pC74Wn19yR,Mei4yAvE0ITW
jTK1oBXsaFUH,0YwytHVK8zMo
EtK2v4LsTdSk,null
pisDgfjWv7aJ,NrhHnKe1SL0o
Vf02SDCvYdn6,null
QYWkPDyoq6Vw,AiSWkhFLwC1N
XWuSRI1M8Gdn,w5TGMFdzgOZK
9J32xIlsp7SY,yVqlzQt7ZXuo
AqaUXN7Gfgez,wI8LreyPc320
HElyd0Xqw3Tu,9YRHLU0A7gW4
Bt2QN5wEqzWu,ZmMgibya7SdX
BLgw1NclDMA8,null
mf7COpxQAsKI,null
wpvS3EXFBZxG,Kg3lTxS82A0b
NBUT97z80JHe,hqK5CnazpYXG
npjMYy4WO98b,fjriYR35uGCb
tJovWg5GLy9d,9LsvycSmPwIe
PU8oELitpVah,null
rJ2tafB1hADQ,TcF9eZxOdt0J
FchvNGWwuV2L,tECqbs9yJAhZ
LEosUT6HkPif,null
7QGkhEUIy6BR,d9vPgKsap3Hb
8N73eAnbTjE6,null
rxgnscA2Gu6E,UrCGNcwIAebn
XOwPbZh9FpRl,5jtQPpHF8Tn6
cUE7HFxCkuye,Lo6WAy48Mpqb
iYhmHw9esPq3,jYUP8AX1I5kv
QOB6urvDYeC7,null
BrMvHEpTFhRG,cvJP3sZRm0YM
cuSpUCk7wlVb,VGthSkC3KRAa
4ywL2Br3kvZY,HpYm6tsfeal2
FzOph9xHLyGZ,s2nXvSpAlMJd
3yzdperZNwOl,XNBuReVrmnc7
rJh4X6G5EK8b,t5dBlUa7RDLV
HN9SbmMqcYdK,4IavwrgX7t9L
1pUQxuemR0kq,Vb01FZsJykcd
psfuN0yEIY5k,null
6yuEPpVeqINS,null
KSCO9dh8JizY,cjCFD6A2okTn
31TfxAQeJru5,iwrgaBE50puJ
4jDVE8cUeRP6,sFpfMx0WaeXC
nVJ9sb5SBQqL,qety5XKoPAbp
uda1SADqxJGF,0NlbWPygD3HR
RyEJCoOb1ive,4BEfGL6AKjDq
cfsi4HUdTY0Z,RLUF1josfe0d
rjqsbAiuT83S,null
wqbmdyxofrjS,lZQPjgo5n2db
BdfR2rlU7Ow1,B5vT6uLghoVn
2PvSmOU8QTBy,m7eFtMshxXr4
ogWRHhrktwJ8,BZHrOaP9pNfo
BG54OlMQ7DN8,hOfEkL92aTWK
W1st2EN7wGOe,2KuiZSOqEmbn
QsUmVrPCZl2y,oLEVQmr9bST2
vIZ2ubJmweAC,null
DxhuEJZzRLvK,kRULjQoGNOia
VRoF3P2hIe6Y,Dl2fyvWXF7xw
kxycv5hpi1B2,null
uP1xYIfd52ec,VjOsLKGeoZyR
bsOai4JM2Cjd,LXJ2Z0S9cras
s01NFaVq2EA3,KplVTvHGqsbc
l3PO1B4x9e6C,aszVfyN60dwe
Yp3HcaQhTr7I,uDX2zoBlWsfc
7pPD8NSWKY2q,8GWoegC9QEx7
tjFy9MCvsnmP,EydpPzDZBw5H
EjLM0sAqgUO4,null
dzClitY8mTf1,NJoXAFW4k3D7
MqmAXKyGDRW0,7NE8ixhyLqCI
b70qO1Nhjx3w,null
CeXAnPhf4qZ2,j02WdYskclyg
5aY4VOlwG0Wv,rco3A0snlYiW
UbzK7Vqmke4N,3OwlNfUn0Wck
9pLfocswUkCH,YOS1phG9JowM
7UAiWk5BT0Cp,36AcqzWJDK2Y
KIqxaEDlyRv1,hOtfKrZR1eb6
UnRqXHL8dbWV,6Y2iqWRCOEwy
N3HxDn8SelVi,AC9wlr31MWji
pS4ky01cLiWC,qTS5y6kev8A3
7CYxetMGVmkT,null
s0hFKvlVBrdP,null
TX3jmez0MRJ9,aZiGeYkfo0xJ
c2H48q1VU7rZ,null
eE1RNGHhC0OV,tfrGsyWvDjRC
u18L5ErX63jQ,xdZ692rpj87V
exZ38rgJd1Op,oxR7MYVW2Lf6
Ajp0urVmSlq6,null
7PMlVGjb9Fi6,wNBVlQetLT9a
N2opbvjxFryM,35ThefBCwJY2
8hsFkXwWiy5R,LOJ9YHurh1sU
lk2JMs81rq6g,null
W2hu8tHDA3KJ,null
gKN1HBl2jkeL,MhrwQCmWcAfY
POCVgLrchdq1,XiC80NwuhBkP
BX8eZaC3Eroh,4UtHyBPzTlr2
lv3h5I9eCNVw,cAbDskyW5G4g
SYl9diGNI6FR,null
ORtSejI7qEF6,7TJztRhEp2w9
OplnFKT7Ygvz,UJwbhQWcFBn7
hpuP1sBrVNvM,0FmdrwotBWpi
BhwM0paR3E6D,mo6FEqbRPiaK
Gy2cHqYaTil9,F1s2P9fVwNzA
S4Y6oeZWIgjp,tLAz1YluReG6
17vSHQ5uwkyb,null
FaWTm4n5tPNl,null
ONgbqPVCokRn,HV24mWwr0T6R
uC29ihPt7kxW,PswmQpfDKrBv
gqPdT2clK9ON,dKrzPvk0Ho3u
gr6uv4J7ikIM,8HEwXGhzCSMe
NC0jGkZ5AEpx,QXgUed7lOKTj
Q8XOZj5ckJyn,null
ZaMu3cxVNPgK,ViB6wmFUWxrK
ZAtln74fcCh1,VOevc71BFEIH
QvEX9ndoD0CK,sMNnbAWUIyDg
BGEX87ILke20,maB58XWh6wHj
Yrnmf5NBvugS,hjgrsAeuzlHq
waUAFuHXqLSy,DWhKfSa0GbEC
0IWYoktlDSNr,0P9mhYQu4F16
CbA5VQwvi9I1,null
npKS4bF3kuiZ,3TEMpj5QkZHL
3LXNbToeygKx,Plep918zwcSr
1TVdXO8I9SmN,pi2R5zxLaPUn
CfhrZeqixIGW,null
yfikV5rCDOKg,BIlSLHxQ9XC8
dbVop1qejc0F,Fhi4gyfrjW6I
WiEmOkhvwx85,lfUjeGxZByKR
8iQhnKje1sYb,IyTl1eF8xHDg
u0wgqQlIXxRJ,X0tajHvNw8Vm
IUEmdtfvGJae,cXf0qvxUFk7o
2neKBDfUCwHl,null
D1RnLxQrG8yz,null
H2Z7VbMBNKzS,null
mopS8OXL0Rzj,null
K54nDbOPvLVG,7uKSUbR0TZsO
jsgid5A0bZEI,CMj3RXqOrB8m
skFODTXeCI9t,MozfRZNOJQkU
nPAUW60L2Sje,rzs9oLxDfMv4
6RBaWgPdDOtb,qbeY2tr6W1pK
SperOQikh04n,null
8rQdgNZAivs2,7EFSTbxjchCz
guJCakvGXRTr,null
O5mruyhq6MXA,null
aUj5d7fgDN1F,kLDZyc7QFGij
kFnRagqQWK2S,MLyIidmbw8p4
tvUndwyTO2s8,GqxNFiQaEjBf
xXm0PSYTOpbA,null
4wUKrh1AxF3N,9Ozj7gFd0ySk
3jRK05CzceaD,3JFmtihv9KuQ
eRlYt1KDcLhT,g20cur9jbxev
Nkz7WlgU3CET,IqZRdrLHQJ4o
zR0MsHa621tT,null
TnQiP5D2HRp7,UaouLP2jqFmw
TCNu6S8hoint,1pGbLQIEJAiF
B7tuyHRd8fWj,null
IaF7JPt3NRVC,null
saXkwfHLpr1I,R9tYJX6n2Gqa
ea2HLmuq1nVC,JhdHPXn9IVFs
l5iqBKzjxUGL,jypFPq68d1Vx
FSjYgONzuDCG,null
ZFMD83Wfwcd9,qEn3dOkUDFIv
5wv0Z4hLNaVY,null
56FBQ4o9wK7x,QrMcuoYv3DJS
sPhxwVRlruMo,yCVzjIe1MOxY
rqbXDTFug17f,rRQ9eO8K6oZv
olOK3sngS69T,null
4PMtiz6Q8Y5f,pySqm9tIQ1Jk
AULavMnq5rQG,R60uDohCGdx4
lSGX3NF5mDiy,null
61oCTtdVnEKD,bcx46pjskZ0f
wqfRb0JIFiXc,eu5UVEtW0ioD
5SkTUiIctaPe,oQCOJ8bF2VnT
T8bD9oHfhPV3,fabiLVpWr4PM
fAil8ZIaJPgT,null
Pb6Ax95m3HtL,jhWiYNqrz9Pg
JN14ySADqhng,i2E9soLnYJ6l
XiM2fAZ7pQcU,yfRCBneX5vPU
ysLu5i9GRAe6,xTXGQlUSwRfb
VAjWdXxi5BQ9,null
3NQrOPqb2iVI,uXoQtHYkKOW2
TJmYognLr21W,mzNw5FRibjXG
7xJzygYkDBwb,4uWKqR8rjHYP
GwlQzaZxYsLg,SAqPblLdtgWi
B24FmLfnsYTC,null
wZHOENjr49V5,05poaLyRBxT9
LyuF6hBakW9P,rbzANVlqOYo4
vlhjTH0guz9E,wIyQ319gjFxb
SMg0t4r8v1zx,GHuZLfjUTD1N
CHnDh5q2XtGI,null
YQLCOvul9Vnm,9ueHsPtlYZxr
3YfuTOGEqFo0,null
iJMbBgEc1vGU,null
9T8BayjLgsKv,AWeYZbpDTBzc
NRB6boh7n3wP,a0iQ3fs4VqAo
y4wtVrGA7XWl,OwkIDCX9pr3P
yCAN1FmeGEZ4,dIJgOfrCLRik
dbui5gknLJOE,9CymVDtw4Pb3
SGzfgbl9akQJ,hVeCnOksR3TF
ufg2JeFcLDnM,BintuXxW26oV
XVmxKDzy6cvU,EU8L65YxAMyh
utg8cyKLfFZD,null
puvE0t8M2b3Z,Uz7fq63BENiu
gntqumThQ2Oo,null
xmEULyMW4YvJ,zkQISOPZu5xE
eA1YhamHuZf8,FrVmeRyGC98E
uKzghXk3PVel,null
fiNIn0rRyo5h,pS43H0JDvQAV
ErCQD4G5WzfM,null
1Yde0iX96rxT,ULjlwrFxyZHE
S7hxsoE59bFj,Uh4HuydS1re9
4MdQp86Fa2Ab,lFbyT3Y78r4h
oxYk68aO7fDb,8VMmUPzXdnu3
B901zm74YtCW,71v8jXlS6mWn
OQnLFfImMsbJ,JAH0ds1W8ZEl
I7t69B2KcEiF,null
oPd4rQURaLbJ,null
nzVmlWBXphgs,NOWHMlkgZhwR
bMWhIeoGf0Qj,zCxl8mo3HLE9
RhNqyCjElHft,null
p4vGlKQOFrZy,TDXkABS62spP
kFjc8n5I0mYR,null
c4jZVowspmFG,ltg89LEvSDWN
CjfMKYQOHEVN,null
uNWBjrb8eJOc,null
lG3DiJZtne5U,grQ7mSeLhHJn
XUwCsjQR2L6B,8tO0vmGFN5uR
AwdBryXm1PMn,zMNA60R2BFXh
zDKW0hE1g3J2,kGYvh7VQts4K
CkoIMOBE1FmD,null
orRqJ9Uc4DkS,null
SpDRb5HTu8BV,35Eak4fJmlns
1U8tasuGp6DQ,Dk8JNVQT5qvj
XRyah6sU5NiJ,null
kcQ2yvqCobwf,bLCoIFPwaKg0
c7WpO8xwj3HF,lQyzdCWFIk5H
xZi4ltwsLEYk,null
F3e1ft0muEyd,9wqPfcnblMUi
xkC7914wvHt5,bgn6LxcelWkV
kvB1tIrsA2Nb,uS0KYoDiI1BF
hcKmS7pRkwZC,oigbxsRFSDCP
EoGXVFyKYPgA,4JZO5MYGTfBj
3ZhvyE2jCbBa,tNofHI2lhwqC
5O9hs2Hx3rZ0,SrQC986fJ4DT
0YIdebRCcH8l,JTYfk29OoHmX
KNMw69PI0Af1,UrwoqIkQLuOa
Fl4CKuTkp6O0,null
UYViIWQset92,TCadP2OcBxbH
x7ZfY9XA40Tk,EAKULuYI5dXh
UMogdZF8OV7N,ad3rEb9MWveY
5gwV09UfB3xy,etNWl8R2pgKS
AdgwRsF70Mk2,BTja27FC9fRm
iI5cplHUza1E,huAcD6Lv971I
TKWnNt3iabe8,null
hiWPaAw1YlDZ,cjNIbLv8HxAF
8B6dQWeKNcbx,194FoEizMPNy
iorP1yT74YMb,null
9g3kPnHYphyz,hSXFi1IHkfWG
fgmN5oTptjxc,null
AuiVXEyd73UZ,WHGe36dvw9hQ
Vr3nFta1vHEk,Qu9074oy1ef2
QzRoGn2Dvae9,bNWZL0UGfcXR
DzPpAQxEgCiW,JdmVCI59GulF
WCt6LFRSjfMp,null
PV98dDaTS3UM,8rgbteQNa1vM
qoz9te6N78UD,8uaC41c06ilg
SDCjRKv58l3s,QrN6iF43HwJo
kvtOEKwnzoce,ELFRvfB43hcX
T1Irkd26yBL8,lu1qINGhoWFr
VAEoeJcZTkCb,siSHY7fOqNUy
sPzcwNiG8pQ1,EnPLy6eDmQBz
vSO1x36gkdHA,GDIMumSCqs0d
GIhx3QCr8yMH,3e2pEL4zGTFk
ifMWK2kavwDb,YIdDTzX0krBa
6PTMtRuqAvby,tn0UQAcwbaCv
FesoqTHZXInp,null
JYNTqP6IcrEe,tG69U1Dx5iQr
dG2TPJm4faUw,8Hj2GrANfTXV
0YZjuJgfeHXh,null
QGOVdLS4qmgC,wz6vZncRjN1y
w70ItxSA6n4V,GV8BUlnxPo7y
2TjKwF9lMSdI,B0ravoCizyQe
lFt1HOnBWvdu,dpt4K5PFZnX8
edfSl5wQ3Wns,CJqSQPrgdGt4
yuXU7Ng216n4,wDJI3zC2OZgT
fxC5tKGLsae1,87s4qXuDSaeY
4wuxLfnr9a7H,null
N0hEHMXQkeRc,4jIql7sgwB5b
HmtK3ILVdhQj,4ts3zUThKcLZ
zn4tL5qRsAXF,J41gCbv6VB3Q
L1gQqRUPwzK8,gMuYGhLCev5b
K1f7yhDt8ZeG,Bbzme4IHQovU
wbKu5HQklZJM,null
Sz6MRcwjJkqv,qo5peDl9VGC0
83yxtjvIdT9N,null
ndIkGWDCQYm3,vj72a1QT6bM9
bMTvZncKw4Yt,null
WiOb7EeSrzZy,THz9QL1VeEIB
TjLJkCDtvxBK,null
2tHEPJAywhRm,null
Pel1FRs0yQNm,7DKi2qZzTIjk
3xMHIdFtPVov,null
Za4w8VuFvsTd,0cxebvwThGN5
BdlVDpWXUgAb,ULypRFjA03k2
sYxpJ0nUjRk6,iTeuBokOqaIY
NIHM8AbUyL9F,BbjInw6u0LUZ
8KQX1RkIcfrV,null
9lNonLwWTIyd,Xb2qjICGx6gY
lgRyDYEmdnaQ,b3hcYaS1ol6y
gZh3aBKOLH7G,v7RXH8AakyeL
87mPI0iyuXAT,u2FBRWPO0XvV
k4R9fUPh6ybe,G1p4Q9Z8OA3V
MqtzwfYL1kIa,null
1P2jQOEiSdZN,null
4DtCVXSj1IJZ,null
TmDAIpqbJPl0,Ke3E5tiXnIdu
gCLj6wFiExsK,20zhKgRUQiWL
XP5WlLUqvOVY,null
phG21V8foDkj,hjoKSER5Xd2s
BZF6lcgXqVsd,aN3HnYW0vp8u
E1oQcqZef9bj,3yboHte0TApl
E3yKHAPoNRgf,null
LV34gmPxlU1y,rIRBSFgol41t
QVshr4fNBX1T,2CuLoAYBR0Qm
viypW2SOJjc0,3J2wng0BRAH1
e4MLpJgFb8sN,null
Ctu7KHByqsQr,NLwyiAQdk05Z
NgCpAce7y85D,rBiDCFeEawjW
qTxf03CEs4KJ,TlIAv04g8WiE
n4TaX6SB5cZd,null
OZYcLBT3tnbo,null
k0qWTcV57QB2,4zsX6ouOAhj8
MF6kZW2aDhA3,null
TZkyY2tPHnGJ,O9bu8D3pklEM
qZp4iovOFyHm,Tr9jC5o6lYPM
IwRqYFxdJgnO,null
k6sQY7UugLP8,r6lvjbqdEnti
wdhgWfXViB9U,g4857Lr1VDXC
nSj9Va7RtukX,null
DdGSUMEA9Vyh,yAMC4Z1Tjhli
g0Dbx1WHziV5,t0IGCJ2A3mfT
GYUFfRXdW0c6,null
aBH8XQKskJUu,null
ByG1zXmVAFgj,bZ8wgjt7yBqX
vIOoQtgbU17L,ZqIsJWUui3OE
vE6mW20YKLSF,zjTbmEIoWpCs
1hg9SUMXaW8F,null
cbIWDHdTsKPq,RuIwj3AvJ8rH
GslDhFw10gMz,HNUsMILnaT1g
EgRp1SJK5iLD,bvEqyiJmfxPQ
PcudeKUm7fNj,D7I5QNjSliYg
vQreXM9ZKcid,Qf0dAM1aEDyw
SM95guTYfJQU,fdeGa0kWcu6l
8xNkThy0KeRz,HuyQ8kVmBlRo
p9grji6zldSB,null
aWILbA0snrCe,EQaLtv8O1YJ0
wdxhQ8l2RT9q,DPwvpRa3m19B
MsZHUdEalL4y,kQTYFmdBf2I5
FHRdu69hXzav,null
ZJ0g2aQnApvk,emVRCo9uPGBq
aJwce3DEG2jI,null
xhMR9byvTCWQ,XZmDpuogM1E4
itSc23ErmTHl,mA3Xd4FgMkCp
ynw8IKTHZcmA,fGFZKkeB1qag
iTU4trLMxZJQ,MqKVuceiJZAf
zt7I8SHkwAC9,cGMJIhaSVqNe
TwrXe6YNphDd,aT42YL7cBXR9
vVnbMNOjpohA,NL5ustQV1KiD
AuZ7wMPUvHWR,nGlNobAKwcpd
Fj7zX8tTpy3G,null
5ZOCcsRwBW2N,lIMawgquho0Q
An0YOa6VCLQy,sAnpt1CJM5w3
J68dSBghCbMc,null
4hRNrQOjc8du,kWL0ucVCaTE8
CeZHKdc7Rfb9,Z8w45kJRCNiy
Mu302eGEwjos,Pj4nFwtoNxuU
HjPZ0dOS7sUa,d7gqos1MRELH
UpoBvLrP8JqW,null
ODKiJWtMzGqY,null
QPbTY9xWifhu,3QHpwAUXZEbF
QuUcloMmizg7,6XMxbSDsa5KE
LU8K69jCXukl,null
BQHZIewn6iSP,38LwZgIdSKzG
47PhC3Qk9WtA,m59vIP4z6Ehp
X6bLhsd9UgfV,L4FaXwDo9rt0
ChlIVT5e6UXS,AxdrimcJVqR6
GfZSjEn75xNb,TkfhmxSY2EoR
lkYShLUIXDby,fzHRvlSiJ6sM
QmA9KovMatqJ,null
QJdmoaIyAlrS,H6Efytj8VBar
FGXd78eCaMkY,sSkwiLCtbVne
r6d14LluSDQz,zp8dDBOu0riQ
kRsHPS3uqm5Y,QbtAov3xBXIZ
0efmCBW2sUo5,4HWaIvBK9zVL
e6EdgcshnCjA,null
dUcqFmgROElf,sPCfoegQ89vy
oHjIQkJu2CcX,49JwP2WsId3Q
pt7EgDqFdkcs,MZWwCj2Urkfm
Hdac7Yifhx4k,AH3TCRwWk5rX
COj3UzmZaQ92,eEFlMjbyhzK8
nsgx9icOlFmZ,null
O2M0hpAVsqna,null
WvDCQXgt8KVU,PRJEZhrXInBL
3gJ0qCnsUpVa,CrFi7nNJX21B
Ugahe15HwQI2,yDfXo5MsHbiP
ANGStsRInowm,sjmfqt2avwLG
p7MjZ3e8vTLu,null
Fns8iwf6EVtM,xQLe7P63HFoV
aJtNHulm9d8T,qtSKDOA9IYrz
2NzukbL3PmKl,TyES9rGL4I73
LUY8XC3ny2fu,fSl0zw7qcFpg
AmxIQPglEfz7,null
aFNb7ozVDR2B,Nq3JjSBA8l9p
adYs5Eutvofm,null
rODmWwIyRZKp,l1uwczQK3fCZ
yhGkUjrvzawX,Dqobz0KhmcSp
he1mVs9TKa8k,JsY1H0pBe6dc
iRG3xzgHYNlV,C7mY1AcSido2
AlKN0snTzjkc,ugq9BTDrUPLn
E8j0dT63VWqk,O65sVjAoWwGT
yFRHKC2YPos6,null
Mdvqo1b4WTPy,9yfpnPVjAmZ8
3tk0pRuoZcLV,SEhCwGyKrgAX
k9QPhupt6GlN,w7SIJmubFWOi
EnptCoJ1x9uW,jbnE75YQNwPC
TrZOtEBVIWio,NAwdvhZH0FbS
gCNtQLVIu1SA,iHlw5ghLVkZE
SPWtvqbyl8Ks,UnFTofztAeKM
q8OxoR2SbPaA,MTX62ZlYnjRD
2Bcil7rKwm41,MgOFAcWBa2Q3
TdoHk3Iyclzf,g8IWPRN5zlM7
qK9koYudcATh,ymIOcjzFf7TA
npAqCVxgHBhL,fSy6R7ZTOQux
gzea2ZsqGV9W,NCPMvpTdyDSr
NTWtzDV1asuJ,VeSxWE5mTN4k
Wk1IL8EQRpXN,YAFyDOuifrUh
xrp2R8nIeyba,null
U1h7GtqOWoVn,xqR5B7HwzAbO
Ez7AsqBr6OpY,kSINgwMoCYrp
D8Vq5yKeBJwN,GsqihfJk0ztu
tpvz7HeU3bsM,j2z73f1J9Moe
cm7hwn1zA6EX,zE1ihG2bXLPW
NUHRCZJnbrq8,m87iKclkvRhf
AqWJiat51dsw,null
IlbUujcHdM4Q,gOTyeYDazI3q
uWs8q9LYCrSO,null
LTF5uM6syCaK,eBZpOS3VXmHY
eNaCrxl7UETF,dEbON8YM2m9i
BSUFiLghaVoC,null
Ha96hwBct2MQ,xXhb4wEoF6v0
7XNrEAbhDp3Q,NhB2vka6wmIl
0e8U4ImRPhBp,62mV4GoUTMZp
DCbUin9YmKAp,4HyLShiI5Twe
D9NKQve0VcHy,glhvNbOqr0ay
4f2zHrDXatgV,null
4uwf1dkFecSh,null
xXzMvP46GeQT,rnKDUPceItbT
uptHXfKhJnAQ,Nz9LrUBIa6be
Y1BmVvo3XLwc,lJeNDVEM2qHI
wism829OULgk,null
MY6q34HIWbpX,4fyVh75ewqPc
m5pfaLw2bEAW,null
FXBu5defMUaS,hS4Iv5oPHkMb
4bBtelQJ0SNo,HGyRIMwJzZFL
579vDlZftjEK,bhHov6PpGgim
TfAFIwy5t1g4,null
PQ8NtsidH29u,VG5tNP3ClMq9
lR1C3cYsKkAx,null
CEniM4W0hzPZ,ToXUOh5M2svQ
MEiUZCHhFNRu,null
DVH5TRMruGqK,null
YtlLowIAdHGe,JFvR6oZd8Gul
ZK0aszhk7DqM,2Gj1gclmOSPN
j0LVNiXMD6xl,AfnQ7ZB1DRFX
JB5qXdpZ0aRD,20dTmQ9SbHkC
ijbqhcZKwGNI,Wpaznt805ToX
I9cDWqr1Od3p,U5VeDl8vcPA7
FRwXxMYOaEPG,null
W6ItrVf2M0G9,cmRWS47CIokT
vc8pMuJHC3SY,null
H2L3ZKFOaTdD,null
Wjv4LnqVkrMb,jSN97OgTc8Pe
fpiNCraLc0Ms,WUYjlvIDhERs
jag0dDQsWBJn,null
gi60PMYLaHeh,ArGg0T7ZYFpB
JNISGsrt9VcD,OJWmfqQKjxRi
Sc5qpwiG7HR4,DLmPzEyAKbWQ
O351B8pos4AP,null
F7aEbwVR1qLu,null
In0m4xowhdF6,gwhUim4oAaCG
4Oj1LCJyhnKt,NgqAM0nEOFlf
LBiUkHu1zrxs,null
RIf5XJCZQv21,null
xkPTKzmh2ewB,flEqbVIJcW2B
X9xicfAgUPhZ,eAVMFHlm1s4b
8d2c3BCksq1m,null
BXS6m4ycOb2U,hb2BxQk0lgz9
pwcHXgAhS2Ix,qs1DWrQFXOZ4
7cg4z6F0jWdk,null
Zgu3wtdIoFRx,CQNSqca5XV4t
Dl7qKuEhsif3,8D6K7Bv3dsFW
q2n5dvrbXV1g,HA8yXv79faQ2
7GHEfA4mrduM,8KJ0UfZvcgXj
A7X1TFWpKtGn,pENric8OJA9t
daDVuC24RTB8,2UP0kXRClogt
xOW4mevTiIu8,8NKSs7ARY4Iz
aYVvWFZPQ9xj,null
3CmLKPyxQvFj,DIcZUHSeuLTv
EubUvhl3XwCm,null
ubQkOMGW7Hzv,JwvsfHEN8FPM
lX1dAye9Wsoh,LWpwMzt0d2fE
RxSQkbPrgiBX,null
O2LaAlRvKCBF,DVktliLu90yf
XP7HZGAVNkL4,U5m16oVPZeuR
s3ShUMo7d4Xe,EgmFpAfIqH4w
qJynm4hDioTX,Jxp47kGS1jCv
CNMqnA3yPGBe,RP6YdtFqfs9h
cRMD1xW3yOX2,pXhMxeNwJcY6
FmMfV2cCr0qN,ZWHUCrNMpx5I
MclbftjV9BWP,wBQAHq25r3as
KJYjImbwvLUC,6h5z47V8FAZs
7Twz2agkdHqI,8J2NP5M1DilB
kwOdUQvp5riL,null
YXhkCHVq9P8T,1R4jQpPAyDO9
EbGUVRlKy53h,HBPGWlbtrIC6
5jzdS2yxXbhF,ZBpbX3zMf0dl
T7AuQ0OgbJhU,vRj4Otd6Y8FU
WjN5QdnDZAG9,null
U7zVTIqHcOGg,DafkHUWB5bog
e0XnKVyPWDOU,null
cJjQ1Vmb46Ii,null
Cie6BcuaOZrE,VZMR2oNHc8Iy
r7vQq3CROI2d,T6ROgyL9lH8d
urxy03OZtLjo,3a6HNBIeFxuR
SdNrH6Qx2DUE,0tfGQN1BTMVd
sPwvy1HgWXdN,N2Ype9GrCDlg
IjFOcJPAyQDs,null
BtVWi6jJsaEM,null
NlH6StUIDWLE,4YUD2uQhFGtl
BNqmi0whTG57,null
xJm7wdRKvhI3,fXqEKne9LS0i
cV3WCIsM8xY5,ihlAgfy85SBv
McunAZB4TD1K,null
93iFth78nlLA,mkbuo2lBHgLc
n9hu0D8YJlCr,null
usiRdnQpWAHP,nH9X7U2dFZK3
lHpiY7FuJECA,null
cLOmRYM3lsZJ,null
v01o5wi4Lcmt,94jTDzesVKAF
LU36P9VkarAn,oHOqfgZyDBC4
oPxEgq45s6GU,null
qNJaBS5l1Ly6,Y4XOurIW6loy
yj310gEuLVzf,kjhpJ8AeE2mr
xJtiAHMFRY0o,DSryuCJ3ePKz
N79zaAxo4OUs,RZ7AQmuPxH46
vMnTHYlmg5eu,null
LqYjyuCfzUKh,jQtFSC9BYmuD
NeIkBPYvdQcJ,null
USKB5pLmfhg7,null
hLNQbWTAavsD,Tx5KN9bcj7pw
uaZBFHD4rnzy,7Nl8tjz1kPCc
HNlK9J52UIaY,cA654NRsSPVo
2eLzuyxoA0Kf,mIlaL1nK7ywu
R86qcha7GMvP,h2ul8UaQLG7M
ODnGgbLx1Rc3,L2vqZx8paeSb
vhStc7FTRKnY,p4OTCdqeUaXM
yOvIEc2GSnJN,8Vkf5JxBMhL7
gDVReu3U9Znp,aSXfHsugbMTB
7gsliIeYUZ6B,SnK9u2rCWi6G
5AX0MjlSaE9u,O6bUPhtv45zn
bD6RQYstZfvn,null
vKPTIL2y5cdp,Wpi96wvCKuXh
Zuh30UlCn7ik,KXfy0a37Huoi
jUSqwaf3ZHlW,kn58PyFNvwSe
LC2fmZ0reEk9,a6pkmeUw8hqO
XrDZChP2gHiY,uZFE1rHTCaGI
I9dRCphBkNoZ,hqfbZJQMjgul
NF8fs72j4VmQ,NVurPcT7Gsjv
WLx6luneNaKM,null
mvfGApHw34Cj,gDdaY5cC2oiu
G20ajyNkugsK,null
P9pDZkeSGAzd,null
SOkzT3pGQ2nF,LzK16x2iyMZg
xKpEb20AmTh4,V6OpioeMwI7E
FJIXTj5aRkEZ,null
OFJCdxwZAlDY,lB6cU42kHFh7
vrjPpfMNkYcR,null
tSUJedpA8irs,h7iteXwAO9vP
3tJpcZ9Ssz7O,null
lGLpI4dFNEWP,jA3hNyL7MVmu
9IhCtDlF0bVw,null
iftaZpSsYQEW,B0Qj3fROg6Ea
y0eNn1KXtjS6,CpY2y5aPJF1Z
VpL2SYUkotv7,D3CaX4fp0eiA
26rFsTfKEDCJ,X46SBWqmMTor
SF9zkqUfdrn0,t5VMB8Pk3fZI
Zly741HkzALR,mchnw98SodOa
msIWOh6BqN5M,ES8xjnWcfdN3
fedO8KU2sy1Q,null
69m1bEsrhvnC,null
cTlfz7UEmiId,18IPBp0H6vXU
AVCDSoO3E8Wk,MGdJDVZo52Kp
arjsmMXDdCxy,null
yJ524xB68pIX,71wbLuYf4U9d
amS4IVFy0bhu,PmzBHUa6okd0
FoBb0sce6jd7,GiF3PZwp8yaJ
a3gI8mGw4Svd,uARy81wqBUQx
Zb3d4GfIc9MX,ciuqYjHU6ZCO
dzr6mNeaFZWn,3e6qKPFsizET
MSUXR2CDtmkb,null
ibVYlQnz2AsK,d5mGOnyfwEph
VBjbqglyw69k,null
dI2srzB7fJyH,P2IBCpxQLrRe
0jpiv8af1qB7,null
LfgBRqcVXWSb,4b0O73ISLuyA
eOuwLrZskEzN,SVliUpbo3aLA
vKGe7DJC1UMg,cXqCU7ntSdjG
QunZzYOKrI4g,jxkeCQ6Usr7c
JbMCiOvaSrjo,ORQTJIxwLk9l
xO3EnrsA0f5K,TdtE7YgIWibB
KhuObfWgFUH4,upaXbofEsji1
cLaHStAnmdws,kGaEcK1UjyZD
VOBLm2GI1ncr,null
hPrFfpxVMnsz,3re2ROG4QoV7
zxYAPysfkuMj,tQ6ZFjT3s2rS
O8A15Gmfhtbx,MFwZXOJU03QB
wZXWtqbdhFAY,Y4q39JgzD1tO
9OfoxPDAdnQb,null
XBUYPeAZ41gI,ElhMIaxigTAV
SqebX5rgvTLM,null
kpeLym2WO95T,bJk0hcS9oK73
1CYd7Iv0Ou2j,null
NnRTXb58OvSQ,hUajCGIsPck9
qOUI1yrRGhN2,ZV63Is9FUgaH
5GvSpNfQmrT8,null
JVCFbtGghYq0,IJ9U7EQNpCcZ
r9ZjapJD2Cby,WNxM6o4V3zEr
x0vXoq9H6ZBp,null
GADaRKiTEOXI,sOJ5Uu0VcW1b
xJgvdOuF3T9n,GIgz9us7pB4D
OU9xIWP0uwmF,u7R3HtsG9f0n
FQ2JdO8vDhCo,nOZoELhl7Tqs
GAqHFLZMgueK,5PW9URNiMKX1
3wYGxPTORc4V,QyJ4PvoqmXVB
MQT40yij3kF2,null
MogIt562kPcz,Dd30VaKUMynQ
5YxtVH2Eo8Js,null
yQZeS8CJ3BMu,zU5xVmKfuYGt
yF2gUhA8qMvr,1WrCuSoNKYfZ
1upHvbsMgaVA,BwrLsjQ0lz1I
Vh3pcjUvaePk,null
fRNIixz1gY4h,3TaIZQF0Ao9W
PxfJaqiXvVue,null
MB3jAmsI7ioy,rVYL2J0xhvAD
4O6CHnfbgVUk,HPvS0sozyW5g
67KDIjCfMSyV,6pHP3iQJL7uO
bHY638cp7LhJ,null
uaVhoJs8MEY6,null
leHTUDr9WRVc,GaORx2P8CE1o
MLsQ1yKVbF4W,AhSjWZf79VPH
1sAfK7VXeSHF,DaeGojcWhBTE
vn0JogaLKEh2,null
JpIhUH0vGqFf,UOMeu7kVsAht
PRqSXiUsN41G,null
EPFRQGn4eBr8,wnvER8cgpoBV
D8VUu0xKFfhW,0MvYP8CxfzTq
sOnVS9lroEgi,null
t9qZnysIfg0G,tNMLm2kJyps0
U78iJdzXr5no,dTtaAheukPUV
KwPRcHAJlZqr,6iT2slpZX79o
Q1uw4ADMV3lB,hyVpoHd2nkFx
8txXWkv1ZljN,EdeKO3SkDnWU
MUV3ELy9Ifz0,03dI75BekOnb
oJEUdtmcRiNj,EeomR83s4n7A
nsXhwxlNGUHC,FeJb9NL2Kvw7
UiZuRk6ntXs0,LniBkE5qFwZP
nyBbUvJtKgcH,2W9M8KNrUBCh
XAKnOBzUx4Ql,rklUcBnm2Z6Q
g6Q4OtVbelTi,null
MbqQhJeOT2A7,null
2BmMJjcPYeKh,VB1EtwjXd83O
z6X9qL3Coace,Mwv21jUFNLYD
q1FfMyY4jmCI,JqIQSK4B0sRZ
Dot1VL0Y26SI,T9ljVhvzsNcD
xiB9kSuITfpF,zytFrS4Lc7pX
3eMsDi4IT6y0,null
zqmv7D0Rn5bW,null
qcpfLm04eRJ7,PUv0f8Kc1zQS
W6O1tinLMrja,null
I086xUenYPJV,j9Z07C2SPETR
TLtmkFX6q8V0,hQf9OZojzkVv
hnUM0NCv6kGX,GwP8tgZJzTWD
m6yVSkT7asRj,B6VcogpTk4aZ
JhHRp3s5bYrB,HbacVSeoh9LU
LblTEI0dySA4,null
p6I94cHfwjNQ,wC5SmUdbTaVE
whvzy8QW0plS,uNo7XSlgpsjU
TmCpl4xnsGvq,null
0GE91Vu5Q7hD,3z91fcyTi8jm
TSENLRfgQBiu,Q7ZywtpxuBbH
G0a4EJiNwOLo,d94EqRZGxzKU
vQ1E9jDebGrf,null
iUhgxSNY7rnF,null
pMJ3Vxlf6s2m,4W8baDxPS63A
ePS8X6Ar0KvD,vHGoaKk0EDCr
aSIyXCGtVvMA,ePKFwjU8dkbs
DG5A26okzliE,null
u2jQU9X8lrFa,null
cu8tXDRC7bUs,4mq6KP3wDxR8
IpBW3y0qaSbD,null
ZKlHYvDt8eqT,UoFAQSLG49W7
qwZXfABzpW65,i6YmAUjJafHP
3FqelMTGzra1,5WScbEFljskg
eN2tbdCq7um6,G0BMAUtu6se4
jaFlQDeO9y8U,null
vbYcjfOohim9,null
yMnBE5fo3jaz,vFzHQUZPXJyg
4HGV7CM9Jn6w,CaL6O20WRm5w
X0ej23uCOEhq,null
DNJC6TsUXQz2,lqoSvmpbsf8P
up3VzZPrh67O,fQpcl0qYMs3S
ATpyoBPXhl4W,null
1yxpk5iAM8z6,4XVLhkRS96uc
2V4REYZjTw0H,g0BnvyP4j5Hd
BjP5dl1SYpfu,jaIwskNCnl5A
oFM3arBXnCE7,ZPgau6tHjqLi
2e7f450Y3hLM,null
XwVOWEd8tpqZ,YP3ra5ekz0Zf
sOnReWN3G5Pt,null
khtGRMKo9EfZ,goGa3IcbdUFP
VxPjJhH2GncM,huBprGqDPCM1
CdBpS8w2LQt6,null
AVNnfYrscoXq,null
apdvnPr63qUK,null
FerbIdBqkfM3,null
MrEPT16VlFbO,24hqHLwBZEln
DKfvRnyd9ZOV,null
ItiV75LsJCl6,null
TFsa4jOYXb3o,null
wLDQvHcgd7SE,null
nF8pDaxdzH29,icPLUIp4rnVu
wgvhIcszqNEK,PAFsI803WMEj
UhNceKYm1Z4t,null
blAZO5Pq72K4,WlrYMUOX19Qh
MJeKhZ3IVFBy,null
TF4gxhX7mWyV,5bvsK7IY9dwf
OFbN5gmBPqEh,LQ5EMXdxZvtl
ndY4asVr6WiX,P2SrXjopqZwH
tcSRLIYgpHON,null
6FqoivbcLSMK,null
CDLVMW3p8OUm,cI9Zq5e7ftWm
7jaAOdQLmFv1,gm6dV08wPJvp
sVxrd1KbifwS,null
wK0m3zTB8eO6,QL3SgNTUWRqZ
EoQIOxLBc7Ui,null
xsIcu3NtyTMO,MfnvG3XRKUJy
Rf8lqv0u5Y71,null
3dFrK5DQtBub,9tmkqZSBoNeP
ctspLZB0AniE,VZPdo2Lx58uz
ydrAIonWEBf1,9YGZMSV5fv80
9xqhHCuOT6Lf,9jKqVWIsfe5S
MhdNvIyV5qQb,Xfwr9ZcPF3ap
MbzCmFTuhoLi,XsoAFeRwJB0P
uzxLM4EQkCYZ,YybiZO8kFWVv
jiyFxvWNhKTG,aL2dUirGXmHT
vJxaPYLCpukV,OCv69mGet5fD
38BUEMnLTi2S,null
y1JbwqBPjrgR,5DvMw3xRZehB
RQpIWdMS8L7s,IwZon7bi0yaC
s02vwZaehAcU,dmofEkPAeUin
xLRNaBtbPEr7,null
sdtVM1YCOEWh,5B3zgYZb4ht1
dgXcrOyMARGY,LUjlmobGZwWA
FsEAeb02CQn4,null
nAGkhyNWSDqE,VJcCTKXFMya6
yeh9qKWCwFuP,YmvC1238GyAt
TcOfRh7VSDlz,SO3GvBH5VuIr
CsrIHbJ4QEoX,H4ghpcAXnGCT
YysW3BzVIAJN,null
aoUKCSfkRDOj,JyHl9Sm84vPi
wz8oM0Ii2qsD,8eH0owpCKn3x
kKgUbmJntIZ9,Uy2BY1fsXpbP
Yz3BSHiC1p9f,null
T917arsgIAEL,p5cBgIGoir6K
X0nYwDF1HAgT,hLQpArHc3i20
aYe8gvEpuDd3,jriJUMLaKDTv
LSq1olgBOH8A,e9AmfXMk3gzD
4BwTF70hHVP2,uzqRUjNPeGfm
LgJv740SXhke,null
novU7pFPqRrw,RrX6lkeb9yKz
IbirP7l9S5Eo,V3EuSRfmMr8C
64jiZpwrk3SH,null
o5cwg2yvSQVE,null
dfLEVUt1GJgX,null
iTVDH5uq2J1I,0bBuxljhLmDR
Ouc6bsDeMXkV,gI5VEz0BKfSm
V13a4xfuq8nY,null
QIHwdoarL8zB,zhbGsu5MjtRo
OCyo3K2YnZDb,XdGNmEpHO6wR
kjdaW8VS5Y9x,hr7KL06DGO2p
IFRkedOuXrtv,XIbnyqDi8xFM
VlDy5oaXbzCu,null
yYtDWwMFl6ha,xjgmdv03GN46
BEI1Vgij2Oou,jiWJkNGOPdIm
Lj2R4aCWJSuH,HvXxdmFrAKog
To3ZvQIEAGPz,aJqiY7jkgu8y
df3RLBFD86lT,tjHu9XoF4lTP
EOSPij4qcbXz,null
xFaXczVHOKSI,hc2sv60kfMzE
WzHdcQNLAkIn,0ZpczEAPFR3n
tN0a5LCGobVp,DZ9c8T3qgpRz
9VGNkmwMOg8b,Emo1sQvAnlP8
nFvhpsroD1LJ,2yRtxInAbJw5
qOnoNvX1yfHt,null
CfJMVxw79hPL,2HxtQR8kTd0j
HEsY7gNLrod9,O2nEob4RcHLq
nL20Y8S5eIQd,X9ULNgTAP0jl
f84AmZiPKaTU,null
ikTCFGwcQe9I,null
DjZg0cKidU2P,null
14JctFXPLbks,null
DrlEb0a2XVnZ,BN0D58cYlLmi
3oJRX8WwHPBD,null
PaHhA5r69L3U,null
iCn8sOq0w4S5,oTvwcpPiE0uC
PQgcwqL0Wroz,null
vYpxrgXodBUP,null
F0eVGux9m3hz,null
CaE3vZekczHX,qdGLizt4CFog
ym2sQYlvZPSj,FyBd7kaDsbeP
UoK9yxuvNmTG,null
jPDmu92xsBaW,null
pK8Sg3nm7M0i,7ZjScdIYVqWH
SapuCetqB8yL,NQmAMXaI96BT
BqrJFX1CNiLG,VvQr9FU27M3S
WKHA1sdivUQC,haTjCOflHeMi
Qf78wjDtlhP5,fmP2ShXzbeda
620MQgJsyYWv,null
08JFfU79Cr1T,WCYyEKFk0j6f
naLc8Mgi2QKk,fci86GUgxPbM
zAmd7ixJtqeR,null
IC8M256ed1uV,null
AiuDekcYdJb3,null
wHCugKGos0md,sQBnI1Sfjpv7
d2L7Xme8pabt,5rfdx3h7Jn1Z
C35i8cjdUIrl,rtfyI4DidqVO
LePk4KQ0h12d,OnalCHW96MBA
09jyJOUvZphL,VvQr9FU27M3S
nvjwu4d0EVtB,Xpb1KahZjVxy
ZaB2Wy7GRCuS,LFMYlSeTNogf
zXasrhxW6lv2,null
r6uNfEA3FqwL,0lnYuOth2SIA
iqnsmETMJAY3,ytKI9jozav38
qrzbUZaJNcnC,null
AG3PBoWnRYlq,6MidjWDA52wG
o8yA2iYI1ulh,a8WpZhR0Pjot
e0s2XZu9P1Iw,uYwWV0BCKAk9
w6oSicLYv4e8,tUGXsS3cRZmE
ekTSMN3Yq6Zh,iDl5fb4PwcTq
v7z3qJ8XmA2l,vPrAq3FH6WQE
HUKmOjxAZu17,IwdYWKO2kxaj
Z6LTNeafB0kI,anXQKF8itlMY
lQnUxB0aS9IT,null
Awi0RMr6YzS9,0elYMNLXD4Zu
P0ow4Auzc6m3,srlhim57oXKJ
RMKHOt3yp0d7,25lbLVIJWgFd
IqCfd5AxQRwU,u8nRzOAGKNFS
nDALO0hCscf7,maiGg8FltsW2
viYWMbVSwLBO,6GBXEoztghNj
p8z7gkW4PaXm,2HXe5CJGLlPo
UkL329EvDcfq,Kbw8zMOqCSGR
t9XdWZUKvbTk,XmL6FTAyVJ8h
70hKd3BCZH5b,IqNeYnrgdsDy
7OLl9CZSRs6J,7EdmAz2GCbHO
4w9iJYnDMABo,zcT0Cfv5RMdl
hUg7NGqpyfRt,null
yrmAIkhZXYWv,ElRLatbTxKzi
JXT8bBhgW3n9,cGt1WNFxIrul
hkJ6vaPMbHWD,BZythcmE4xeo
nxg7bmAPEfaq,JEp4dvMseFwq
f4IXQ03uSAUm,IP9p0DNTEb27
PHLQNo2lUh0I,wIJfQ3Phx7XB
9bvxuDG8VKTO,zG91sADQMWue
d3HirbWK6cxR,DHFXTcVSsA31
y12tGeaLbm07,null
7Cv2duk3roe0,XyhjJP1Bb4vk
NPMilBSz72LX,null
B7HPCRGkl4io,FlaNPgWL9dTv
VsrlNJOfM4ja,gSyvznpJ6OXR
IQqvXK2gz564,cJvSMKVA21nN
9Xxeaq3pzLUc,DmRMvlPXehKo
z7dTJboDhPvN,OYfdF6WBVTb5
2uIgUc9G3OKn,aW0xXz5hYFlU
F9hjf3nHZNwl,QouNp4zSj1Ob
vgUfJ86bBuCe,null
w6PCjYrHBpEc,OTJG4lesUR3h
rJ60BDPldniN,tIUeonTBlFSW
sPOchpzHXW0L,byCdA7SGhl6Q
6Ahr4iQLWNwP,XfUzJv1iocp0
X5pbsqBlAJTn,null
hVd31qNcn4mS,09oqcuRJeGYE
hx450fUQN2TY,null
ghB9xf17V6tC,VBvHi9xhWtUn
ZYe60Ng4lwop,og3rLzNidpYX
ZLjNm8kqDVB3,null
RWciv8NMzA9G,sxr71VePfgUm
rPJ1WnF7mElB,mMsJ2yqdVKhz
MgV4Fqc39mwS,CkWdYKJyj2Ru
vSkaTLhisKVt,r5GwEd9HFbJj
KuEyBN7ZXIgA,bFKPngYw2IW1
XpjOYTzmZo9w,sSm1B4a8tyqQ
9NhtCWLeBO08,H8oS0ptDXlPJ
TFMDEziQm4eW,null
bjzi7kATC4IZ,null
RQYq8bihfv0M,QFZlu978N1sC
3ux1tO2TQPUA,2u4WjeGI5PA1
4HtuPCoepMvf,uFrCThdvtmAM
FNzfuUj70glP,AzjTryQOnvEd
qoGPYa79WdEU,null
JCaIH9l2hZsP,XewZy1OKsIvo
iWgyG1Kv5z8M,PnVxCMSq7GKW
c8Grq3YfgZES,null
opHjgdci5Z1x,null
QWdyqE23PV7T,null
VHL0m4BjzPS3,skWgICuO1VUG
sjVMowUmcxkY,kwApzXGNPY4c
dOk9ZU24ybY0,VjQambHxWn7B
pVbLCQwT98v2,null
1fGSHisL7O02,Spmt1L6avsZj
sy7k5iMLPDH2,I4An3M9YKxfR
dLRSQ0vZei8m,null
Nn1PtrZ9yVWk,U5gLbASIjrd1
AXIK0R9chwBk,null
8GwsNjT0oB9y,null
NgHJxPrfW7G6,null
KaRtQkDxU9BC,8GVndeNIEBqy
OBUGjY34rENi,tdu6CnBA3xfJ
tnNrs2MzyBdP,null
jkRVIoD9P8u3,null
WC7QHStfu0jF,null
CtQOYrVTAqpP,b4Qhu81USYpk
tVQ079XyPBk3,WN2RMkLzrS8w
4DvC6mMiIUkr,eyanDvkMlGRU
RGP34Lrsjp8N,null
e8VxKoY7hEHt,null
pXLWPUH98jKr,MBwRIj7oSbxs
bkM3a25TSXvr,null
Iu8YTzRb7Hoj,Uy4cn9e1TXsi
troACqbp0Bw7,null
CuYEkjUZ6tMD,8K2qYChH7onu
EsX9rxbHCvQm,p0ofLw8q6u7l
9nOSRJQxI6ip,null
MwLnj1mkibxr,bMKVdiZF3UwH
LvmQPU5Vry1F,WXkNtjDZIwoE
JcnWX7IQxD8q,SGFPblghC9ao
dsh8NnfG3MyK,vapFUBwL1IEX
tk2eN6Mo0zgp,Yd3qHDu1z8Bk
Sbk7PLndqAOp,null
gDIhfFdOX8nY,null
BKWuzoblQnYe,Rkr75cETCxsB
Mc5W9qfdgVZs,NABDOLrU6avY
rl7abBHUZ9dM,null
IAXVm9Tb4svz,JIrPbzlGgxRh
yIuD5b7mVXwR,S9j36JPOtTp1
kwoT4N3Bj7Ly,y0le3nMQBRY5
EBS67V9CMzWO,uHtRC5Yiz7yW
5vsSRIeWEkUz,WblHMndKGBUe
QkKIcHtz7EZV,6tw5NvJGdco0
Qn7ZyKMusTLA,null
TU4SumJwe3In,null
49DEeBHx0Jdc,270Fwoht6BNn
XB9eQTIs5DPi,qi6IA8adW2zo
kr5wsbhlE0CL,null
Ft9wQKqSyOBW,null
QWyAYmzlTtL3,null
IAX0GuirdPCS,3M6bRz5XUHiK
87yOLkSnVmxM,wSvqINTalmHo
2VBlzNDdSkFv,FNIEwz2p4eOd
LQ4CB5R7sNmS,VSay39obYChl
EjMK3ywqaAY0,k7MSKFlcxhAt
V2IXbfNLESvi,uAXzKaoHERV6
t8RInDMsvXku,XE79vaskDqmK
AvDrZfK2aW0o,sQH1L5n2WPmj
lF2zAD6kYyO9,null
wJWSqyUx530Z,null
ZJbqOycwrI6a,MnlY4rhqU9f3
o6ue8BRkQAI4,Y4CZdxnDWSi0
8YojwUW7K9tr,xvzhedy4Z3TF
X9dkIjNbSYZa,2gHz63LlN4Th
acsPoWeTfmkh,q6hiyascRS29
rwmcIDb0n8lg,x8PhNdk4DITb
rzg8bH2WLKkF,Oe61zkTuGXCj
vmgHp7X26wBJ,null
ekH6ahPQZR8V,3ItQqBWhyY1T
soIhVKLMPFbO,OkPtwmEjqfxS
062zwhLOEBdQ,VtnHiakj4Xg7
OEBAHdwU6vxr,Lo92RgJsQzAK
UNZ5tuCGLlhg,null
3eRIcKvu7OoU,AwXmlpG2cHVU
r2Vlcy37vPG8,null
jPmQHRZzoA2M,1Y7yMxPk8VLh
nJMHIWUtB8Sq,1dUuT4EVLqJw
1iQpAFPZlrEg,null
jsRWVIdXPJ7M,P1COmwU65l8L
2vi5CjmwNUM0,sRoKjmIrf5PC
BRV6fgQxd7nh,null
NxqZrsaBpk1P,null
IsfKv68ijCAt,8oiJ7AYz4uTf
x56pl4fJ1UMc,V8xvks1LaMA0
pPL3NnFCqQkt,KIwq52YDJ4rN
LYFIOKdmW4wn,IR6GiOwp803P
8ai3SKvVcprz,null
jqGFfgb9Y37h,6Os13HMK0gvQ
VSMegiRIZBNd,null
SyTdXGUvKlat,59dFL7jfyqcl
nCLFuRUemh1P,mylbGxNI9ev8
IL9xHd270vpT,0PA6JWXGOi9e
iGaVqcu2eOnx,null
eXYDBHN08O4a,null
Wm4RU9ZP7dHr,EvpOGSW3BJl2
ep4wrYkbEGL3,NIQYxdjugJti
0cRmEjxedb3A,AozXh5w1v0Vl
5fQETpxkFBVq,jzpIRyuClWsU
ICAKumNQMoYi,odv76OAtgL2X
Hiot205AZEm4,Gb4PDNfKzoi9
gHAh1lfc2vxL,aLAJ6HrUECb8
c4vKNIzeJLka,u9ZAOyriS2CX
0tcehWQOFqsI,iZxLn0yrlUkT
tCAV8jS5QM6z,dnNTsv6pMVCI
lPVAYjQXKs28,Zg3Q4N5YpCPe
5w3FW6hkfXx4,wtm9KV5ckoEs
4CeTmS1gw7FV,null
m0igXHGwzcB4,null
753TWRlFhz0P,2iKleYP8atwI
8r13MeRiIYwL,T1bsQj4RgGSA
qyk5BOb41Szs,OKUzdeo06BWq
26ryViwD0adO,nY6OXwZUlAqQ
gdLWhAUOzPkB,EXhYSbn1eULk
r3ozAUgpsfZi,5x7MNyGJjd46
aKDCqYndpAMW,fnNMk4UjcDWZ
Qmr8kH2dE3Ag,HLZpJQuiqtrz
nsTYoEcQF0IH,nzL8h3WIceKS
mFtW15bkldSj,null
YoRt9cn53CNV,usAZ1xRBevNV
Ghix7XuEemIv,aqpmCuz91GQ4
7H9ib0etMOX5,null
zsNnQuXxeZcf,eWM6JjO9xvXk
9Oeo3pRPhtGS,NovGcOnthsA3
q2TlFwyKx6As,T2xKN1itfJ3c
9OZBCDXPUhz0,nOH9CIk4p2i6
ZgBNVzl3mPQs,eKxkujH9zGqJ
G2MiuXU47LIz,null
JBMgERcDkf1m,mIqLHZeg83At
IdLcs47r9EOR,EUJgcO732NXT
OndupP10CSGa,cCR4M0Go9EgY
xVONMXzYDIgF,rPsWM6qOvpbu
0pyaDPjYvwW5,null
ntiywRefE3bQ,sHhVTWPcj47u
gA3T5VmMKezU,rj3APRFwJcBp
UYstOCiLke3c,null
NiY6rPq3ztIx,null
BzcD7wLYgpMH,null
3BZNyznjVWsL,01o9nFEusg36
UalcwAHRfpLV,4pLhv1IQ5xyO
SGeB96dIHstE,null
gcPsoSvdmq8y,null
0wqgNV7TvyuP,AgXtSB9EMIlw
kBedm7YI324H,THRK5hLPYyN0
MjClsfPyBFRO,fbrRuP37Mhzv
s7dwla9jgf6x,null
vDangLmNb1lR,4TiH0jkFQGng
DSHpR4henGJF,JQDgEcSkweVU
rIoPKMeOkL79,null
OwxIRq7Z6j3h,GcIxz9wlDf7W
V38Q1qpM07YF,null
M8N2nUpL69ef,null
7BzqiQfn1a58,8ekPmISzL3AD
lu5G2CcnDUsM,rlhdjU5YkLW9
rc8MEvRoGSlU,BN4zXdpVRCUF
A7a964EqDFcS,xhHAZ0Xn54YU
GRX7PI6wWdDx,null
kmnWJhOPbMlf,mixuNM0ESdlX
evXdcI5R3Zi1,sbQ3yk08OUR1
B9EfI7Nz5pcl,eJOkPmdjZxRI
PnUTampXWNu2,null
AVhreH5DWdLU,null
arB05siXEHnF,XVGy3FxR6okj
WF6BdYLsXD94,null
e4yh3NoaJO29,null
H7fqVe2BaksL,91l5QxC4cO7e
yrCu3GUfLiSm,Ob2ywkvEfnD7
7OvSwWk6D52i,91E7ZuCc2Kl8
Rbqm4X5AI1B6,null
9FTAefvpyJGI,ikzVXOfaLZS0
G2Pv6XzUMCwV,Zwg1rKOJsaF9
vB93pOfVjwNt,vbE1i6klGotF
ayhKZeLqHzPk,L2PTAmVGYz7O
90PjOTV3iqz2,O4n8yRtsMWZh
qypGUn3KAQPR,c8spwWNP6dYA
NQUrxj1Mpud2,null
6bLvW8GmkuTh,Uc27CZ4tL3J1
iE9PdMFcTHSj,8Mdh9Y2LZGzA
Kq4GAYg09enI,HQvsDO6fiyUS
1NOyi7zdYv9o,HDFlC6tTmV3I
kqIE7egaAUCn,null
gziNDW2t7Ool,WVJKM6tBPfyC
F7C2zhQtspGu,KwzM36V8tImp
Qwg3JjlBIqGp,5VcKaqQhxIHy
4y3kLC5qjc0Z,F9KE731g02nm
SCG9WXb61veu,CkWdYKJyj2Ru
g4khoTUA06qi,DQGznuFatO7g
xuBv16A3VbDi,null
0v1e6YwR9OxK,MfEWl7jX2ew1
CtVibNqWocEj,dqPuSzrj42ey
BqNtC7dTiGDE,null
klPpWjeTMYO1,C1rqPyb9axFi
9Phs4zxBQrIj,zy8iuWOT4Mwg
O2A6TwaoRiQB,QCpJ5xlGjWTY
rFJkLsztpdCK,zvxMrAWUE4gF
GPDswL2hyMcN,fZK3zCRb7TFE
m3nocqGO6hXM,null
ZXjrTwQPntLS,caNWIykqo1nO
TvojIp58aqYs,O1mJAWCDaQ5X
ZtxNjQrHB1OY,5kzcuXnUHC18
HeNMrSBGbC8x,M0Y5Ag49JwPk
IM5cyJYokKAm,null
8b9klsp2twZ0,Bp47ebdSf6ow
RHKoJfEGnat4,DkbtJgACn1UQ
bfgPOwMJE5dj,null
NGR1eAV6h0m7,null
TMyhXnVRPpil,ZY7MKlrxfXa3
2Hm6d9ozAx7y,qula8sGVBL5o
chXvl5FujITa,zH8KjF1c4OTh
6NJrPaLnwMWV,null
squimlM20rfk,KcZdsOAJaizn
WC3MlcbDJqay,kj4mEcMBOKQU
6jXb18PUZLMx,null
Dg9qvSGHzMEV,O9YbC4rBdyIM
pSyrU1RN2Quc,1NgIsP86YqXo
pnIZkTYsM0bU,Pkjum82t0wDZ
fVctKBDuxOpP,eMEKzgBtPf6x
3TnIJqRN26Gh,null
f8dMbIyziGpg,yeAX8wr21lOE
d16Mx4SbHOvf,uO8REM4WProF
6FrdCmsoY4On,DHJFGwk0dg39
8n7dhKEqo9Jw,8mOeF0Esgai5
oJMzwK2t4eER,mx7HsqLF9ilZ
nWQFEewPtYgy,oh38TSB0Ln2x
erLpWBt6RqUu,GrNkF30hUX6y
Pj2KF6NYrDM1,eV7asNT2YMA4
iv7LdnfYpOPs,tnHmY6FQ4rsG
Rq14oUXODYzF,CI3Lt096lM7j
9XhlEpIft4qo,null
BKoihtw9MqLA,aBW7bFnJrwV4
ogLZhq5S0c2G,null
hetY17PpbWaw,xf6TXVkjoYsa
2N4bgTd91wxl,D5kohzH3CEqY
4dW0OkZxf1gD,mzWiSRYp6sBZ
fl0cBzmSI9Kn,R0Oos1cAHMKZ
mOynX7skilw3,Lz0lH9FRXCbq
F7vazlwNiVbX,EvLX2OeFWypo
TJlDsZnA1F5S,uzwm4JXpEjNG
B8rPpokRTxnY,GtL9en2jiwK4
IW5m6leJOzfY,im8XUyoKTDNw
tH4jg9mvOLyp,fi25AmHyJ7rR
FzEgWLsXdMSh,azGAsHZU4Q3X
7zkQ0M5Z8Gbu,OQWnhTdf9Hxy
TsIGXmYcZBoJ,JI9BaGHynvsx
cVQm2InkFBHD,FmpeLRAS8JTx
Y25wzhOIZklb,RuAKabijBTL8
7lwpbSrAPhet,nQVUsHRvmXJZ
HlqQEBPFGfwU,hpsWZ3ungry7
ikSMCJOyoGbw,null
Kmh8EgSQeV9O,fxiCQts9eHlJ
lpj3Sg4Dc6Qz,null
IAjgOfXhDle5,KWfEp0MaNZCi
iauKZsC1PwUn,3tfge5wNmQyS
EkOBclIMiwUQ,PAiFerB20KmZ
SlIfNZaYQo38,uHi0chaXfJW8
VBJmykK7lX4c,null
XzAea7OwhZNS,eSo4WXUmw1FC
cEYFnB92uAhd,XyRTBogaKdI4
Ep8qmQorcYfN,DBIxLnzRjXAr
BLsW2tXwxfvP,7VhgoS8tfnab
90cuOrx3joQX,W9a3JvO0qfjy
zlKEfQT0D2V3,null
KwtD84XcfSZh,vN1jAPM8aBZw
tE7X2MZYBiop,um30qHrtEfvK
CX6mAeBTdlin,j39l5Qo8CFg0
stuZEVwDKfG9,wfpLaXPU8evy
8O1eXqwy9bix,null
zedAwTZkV50a,ZueVDg49xjIN
HqEs4TD7r3I8,wYcp1VKO2FXe
YGSf8cPdHbju,tBsfkXxEe3MS
UEWp2gts79Cv,4IoO5gHaqzs9
TKBcQA7Mp0xU,hrvi1oYyjsFX
rWkZXqTw6yzG,null
DqzMBCPkn7LI,null
cr5Z8jbqAQIB,QRxPcEFSYqGo
g0sqlmFiojbw,0XhCnTw8dVQG
hWwck2LRoCS9,GyUgZlXIhunt
XVTybRP1n0tE,TZ7ydYeUXnj4
NiQUJZADIamj,pURHbOwg7VTE
rzjWPIFig3pc,mi80xtM9R3Ap
IagZqo6vD4pl,P4mFB2Z1gK8q
1puTq6e35adf,y15x7YA2g3Zs
ZOabviy5U7WQ,null
RCumxIdryp2F,Vz7hdFNqHbBa
EFfMLKk0pOXt,3xkuGCQeWZAM
zp9xdOct3M0a,rm8XCA4LBT7N
5VKHCsU2Yeh0,null
80yOaMqPQU9L,uzNFR7sLQaJy
nditEVgbICoG,9SqQCFHd8sDy
SsGrRYA96M0Q,null
v6wRqtcG9nVa,null
FiKoDv60BnGm,null
T1IHNmguiQAz,G3B89mhdMyPu
ci2xSNnzdeCl,jR1uSQrWb0Dg
6AdEazUcli81,WMTZhGImNpYF
nxCsyFkWqSGh,null
KFPVUOLAQIyq,null
ikNAGBRLKZwV,R7ZKdLM3kb5g
UxYlrd8oLN6Z,null
pY8whZc1x5U6,null
JcWasZGb2N7e,null
6Q7siY1kyUl8,dJKVWnfe5uyF
S0ECVIRFxpgk,null
xljsfMdvgRaJ,null
e0d6wbEKPNmz,null
XLS4ytBvWQo6,PQauWgfM8q36
8HwRxhrlFyZu,TdCPqKifzxs3
ny0vdrXiWgeT,null
X5g0psK2mSYz,4mWnk7jVba2F
IAjDk8W6qouv,EPgzTtcXnsmi
YOgwDQTsmrSc,pyFYQvh3Jl4t
xAsyj6HzlnCh,uiXetJ45TI6N
LZVbCfujTGhM,6Pe9u8D4m5Wa
5X6yBzl3HrE1,BOnYtumXE6lK
f5CMiAau6LVQ,TBiPuyacYSp2
wcUdQlCf6iqx,HRDrFLloaM5Q
SFqeGVNwPtsJ,null
70o2xQk1OvLr,95Ev0noxY7XG
gjYZuN3tdRmq,EyJA4i9f3mku
mErlb3f8Tqct,bhKonyx59M8m
Vn7i1KOXJruz,IjxdRCmDeka6
RvVLfku53oEg,frQc4wYWXIEq
IXW7kJSp5QGy,fUe6KJgVGj91
kITvr2q9EKn5,4c2gFRCBqAM1
zmnO81wHfAPj,Q9hwHdmoVXBa
DYFblZ7QSWfz,null
T7aJqE4DzR6m,null
Yg8hqzwVp3G0,sZVbhrYD7iWU
PMIy5KZUgcfS,AzIDU2BGOiym
K5dJ7rkUxTSR,null
2YE3apUQqPLb,mLo7AUzPwgl3
L8YyZXRqM9ln,null
LWt04EuOY9yc,z6L3ypTsi2wQ
xvAuQsp7HZVW,TCRcXN724GUt
ClOpqF5Ydiu6,7iWUtR0zZJqh
Mgyiln1fLGK7,CBxJReuVNAHt
Mbe9nNmZ7U2w,null
gNzo6KYHtZ18,gwdomZMRyc0j
he7oJDms8AFU,null
CwSLI3A6DM7R,AL8spzfxmt6r
U0NrIRLshTOW,KZ5FwmE4nJIo
lRPXbV1Yy7s6,null
lEmn2Gf1FpNx,null
9WQ0cEU7wXGR,wfKi02nAHD4L
VFaBzTNZ3kde,OQpeU2xohAn7
pMY2wfV6B9Jv,gx9eDEq3pcuB
1ne4VZMNqKtb,CYsNziLyld8H
orRG4wMXFLHK,dKIcQu82HwP7
yWASpTRPvf4M,lNfvY1FH5Wpw
kjr6OxN2ida9,yckWnKax8TXB
sdk6qbiTQg2M,hkLRTYHcpAby
aR7Kt6xcQNl0,1OV3TH48jdy9
2zVeM8j1Fdyh,8i7Ul4be5BLj
UOAWQ5IRESws,null
wmklFROu5gyV,CuWyf48FVYdK
xIyQe7dBHckY,null
pQ8MUAPlsbWt,a3nfReMFwVrq
mB8RTo9QCViz,KpyV5jXiUJD0
Wtg0V1INErzv,null
1UJ7dcIy8SAD,VDuUS2aTrPLv
isd79MQ4kJ3x,null
0dZkbBTc6xG3,qtJ0jC8Nvidx
aY4HX3SruleW,null
jHdh9PLOYFtM,null
jnf6twDJHSIy,3Qg86nkRUdWF
l0xNP13cYyOA,rBFinS593Gxl
XisGLmvRfEUu,null
TU9giGNwv83d,kaZr6u4ThbOL
0YvdAsRLjHoz,ZMQrkLVEf6NI
kxH9t5lKnvpd,null
vMk78n3cuLXE,6Zo175IfNjmr
QRNVp3w0kL4h,4BLMwHnRK9yO
ZcntN7HG5Iek,null
3RbHzwiyAYC6,5yzKR7DnuiZJ
WkRVLwj47BbJ,GROQfgpu98Zn
uqCZ3nH52VBs,lSTdpAGgX40u
m8j7Io0OeYRD,null
xWkG5usIopwe,null
x7yLrAzZ8IVH,UvREa0CtdXKo
RkVMq4NwuL07,9WXRgifzKesb
SJk7MNoguvtl,OUPheDQvYnuG
VIW0vJxXz9FM,fB7JtEiHRCSa
3DSkYyjwBRAh,null
RF4f0tDXSWoj,Vs5TAvRMIaWh
GcTfKO46rUY2,ApXBc3YCwN1z
yzWJnQqSxpMk,jfLHWepG2Alg
p1DRdEMoKBHV,FmUDS1Qnqygb
5u9Z63dUmGhA,V15DgUZFlzbP
Q2BRM4C35ynH,ghSPYwdQXA3O
4CvW5quj2JEO,0voHzY9RNU2r
aUoVciypvQ6e,null
ifzgl8o5IdEp,dz4hLptq9SGV
FK8SOEiQDdcR,null
gEkADCS9YRo4,2LkOQ5Bf1SXv
JkxtlAFIXrK0,null
AV0v39ywUWTY,5Fv39AiW7Max
07kCGqiyl136,To5IKc1quxSU
ta5AjO29GDoY,oJ23QEZPV7aR
NPDAKU4vBkW2,Gl3jEfo7k5WF
hrVsw7AP2cRT,uBlaSHEY19cd
v1wemif25Cp8,null
ByDPKUYj82lu,wRTGW0QPuxDC
Rfb7CVBzeMSm,null
en3xSyohKUEr,Ir4GUek1lZXJ
NnMs7jfyrBUu,lDNMyL8uE2cT
xYNZUi8qvroP,null
DYlieOREUBJ5,KIxPXbsTUDQR
q8e94IRQCLn0,null
4if2W0DF6k1w,null
eOIl8bt7ZiEX,null
F8qCfzH5adXw,rBa6xWhvoIkH
rZakdepY5Gi4,null
gdHGzDURNf7B,yCs68InhPEWi
oOL4qj8f7Udw,IprOQkiURD0y
ypMrKqt6ZDsQ,tDecrKfSpHji
cLsAfyjBk6Jh,HdxVi3qPmKXN
3QJSrX6zuemk,Cb0STdxEKj8p
lFdinke5Rvgq,VXzot2qg7rd8
lihuMaP7x56e,null
I029i6SQo7ZO,xiv7B5QJHRYS
0vYCGzDXNjR1,ACTs3U9Stnj2
Jv8y3PEFnxdG,gOQDTrAEaGm1
zy2R6c7eElMr,gAF7HYdQxbIt
QAGF6YwNLCh8,null
I1fb9XJcK5ON,Vz2mjEA6oF9l
xfodh5p60ANm,xoOjFvQb9Kf4
yClL3FWE8fUa,DP5NbOrIVCz0
JezjhflBADiM,MeHVy2TGCIuX
EnN8tg6MSKkF,dvNX2kfBwyar
